/*
Navicat MySQL Data Transfer

Source Server         : connection1
Source Server Version : 50651
Source Host           : 192.168.17.10:3306
Source Database       : carinfo

Target Server Type    : MYSQL
Target Server Version : 50651
File Encoding         : 65001

Date: 2022-05-11 10:19:57
*/

SET FOREIGN_KEY_CHECKS=0;

-- ----------------------------
-- Table structure for com_relation
-- ----------------------------
DROP TABLE IF EXISTS `com_relation`;
CREATE TABLE `com_relation` (
  `com_code` varchar(30) NOT NULL,
  `subcom_code` varchar(30) NOT NULL,
  KEY `com_code` (`com_code`),
  CONSTRAINT `com_relation_ibfk_1` FOREIGN KEY (`com_code`) REFERENCES `company` (`com_code`)
) ENGINE=InnoDB DEFAULT CHARSET=utf8;

-- ----------------------------
-- Records of com_relation
-- ----------------------------
INSERT INTO `com_relation` VALUES ('0123456789', '6051206979');
INSERT INTO `com_relation` VALUES ('0123456789', '2449764139');
INSERT INTO `com_relation` VALUES ('0123456789', '1030718999');
INSERT INTO `com_relation` VALUES ('6051206979', '7430287259');
INSERT INTO `com_relation` VALUES ('6051206979', '7430120299');
INSERT INTO `com_relation` VALUES ('2449764139', '71530004X9');
INSERT INTO `com_relation` VALUES ('1030718999', '1244832780');
INSERT INTO `com_relation` VALUES ('1030718999', '7765904829');
INSERT INTO `com_relation` VALUES ('1030718999', '7025003680');
INSERT INTO `com_relation` VALUES ('71530004X9', '42851028X0');

-- ----------------------------
-- Table structure for com_sale
-- ----------------------------
DROP TABLE IF EXISTS `com_sale`;
CREATE TABLE `com_sale` (
  `year` int(11) NOT NULL,
  `month` int(11) NOT NULL,
  `com_code` varchar(30) NOT NULL,
  `profit` double DEFAULT NULL,
  `asset` double DEFAULT NULL,
  `income` double DEFAULT NULL,
  PRIMARY KEY (`year`,`month`,`com_code`),
  KEY `month` (`month`),
  KEY `com_code` (`com_code`),
  CONSTRAINT `com_sale_ibfk_1` FOREIGN KEY (`year`) REFERENCES `total` (`year`),
  CONSTRAINT `com_sale_ibfk_2` FOREIGN KEY (`month`) REFERENCES `total` (`month`),
  CONSTRAINT `com_sale_ibfk_3` FOREIGN KEY (`com_code`) REFERENCES `company` (`com_code`)
) ENGINE=InnoDB DEFAULT CHARSET=utf8;

-- ----------------------------
-- Records of com_sale
-- ----------------------------
INSERT INTO `com_sale` VALUES ('2016', '1', '0123456789', '546039858.03', '17108177734.69', '3290649666.44');
INSERT INTO `com_sale` VALUES ('2016', '1', '1030718999', '577828355', '17302753925.16', '3225900047.7');
INSERT INTO `com_sale` VALUES ('2016', '1', '1244832780', '493004394.03', '17215549746.47', '3315884000.29');
INSERT INTO `com_sale` VALUES ('2016', '1', '2449764139', '529008878.74', '16999458287.56', '3284888518.13');
INSERT INTO `com_sale` VALUES ('2016', '1', '42851028X0', '483926916.04', '16953228665.45', '3332631353.86');
INSERT INTO `com_sale` VALUES ('2016', '1', '6051206979', '522267047.43', '17010990193.79', '3348167725.75');
INSERT INTO `com_sale` VALUES ('2016', '1', '7025003680', '574152282.3', '17336878991.89', '3275281638.08');
INSERT INTO `com_sale` VALUES ('2016', '1', '71530004X9', '514572835.32', '16757411022.72', '3255598032.74');
INSERT INTO `com_sale` VALUES ('2016', '1', '7430120299', '535105921.21', '17219622340.74', '3303248901.37');
INSERT INTO `com_sale` VALUES ('2016', '1', '7430287259', '454950380.72', '17030462859.29', '3258315950.26');
INSERT INTO `com_sale` VALUES ('2016', '1', '7765904829', '541097909.04', '16837707663.9', '3130029004.07');
INSERT INTO `com_sale` VALUES ('2016', '2', '0123456789', '435325827.96', '16252323206.61', '2972655220.94');
INSERT INTO `com_sale` VALUES ('2016', '2', '1030718999', '492058804.28', '15966508788.45', '3125925505.5');
INSERT INTO `com_sale` VALUES ('2016', '2', '1244832780', '469546467.28', '16262064200.3', '3090845518.48');
INSERT INTO `com_sale` VALUES ('2016', '2', '2449764139', '502530048.02', '16214795503.75', '3009344425.49');
INSERT INTO `com_sale` VALUES ('2016', '2', '42851028X0', '452557617.4', '15957937998.84', '3068342868.16');
INSERT INTO `com_sale` VALUES ('2016', '2', '6051206979', '526249549.22', '15817355598.66', '3045700002.15');
INSERT INTO `com_sale` VALUES ('2016', '2', '7025003680', '459393149.09', '15750064789.03', '3104647006.57');
INSERT INTO `com_sale` VALUES ('2016', '2', '71530004X9', '485050217.54', '15913587306.3', '3168236453.05');
INSERT INTO `com_sale` VALUES ('2016', '2', '7430120299', '500602465.47', '15820709445.42', '2939277079.12');
INSERT INTO `com_sale` VALUES ('2016', '2', '7430287259', '445658607.11', '15962879097.57', '2822988518.91');
INSERT INTO `com_sale` VALUES ('2016', '2', '7765904829', '461796828.31', '16083209930.39', '3102651147.13');
INSERT INTO `com_sale` VALUES ('2016', '3', '0123456789', '519065300.58', '17060905977.54', '3178567473.47');
INSERT INTO `com_sale` VALUES ('2016', '3', '1030718999', '548212527.06', '17006245869.23', '3250707371.66');
INSERT INTO `com_sale` VALUES ('2016', '3', '1244832780', '513629883.38', '17091297644.26', '3192782037.61');
INSERT INTO `com_sale` VALUES ('2016', '3', '2449764139', '481345911.26', '16895624331.47', '3310728981.2');
INSERT INTO `com_sale` VALUES ('2016', '3', '42851028X0', '530879942.79', '17012087108.56', '3210172041.05');
INSERT INTO `com_sale` VALUES ('2016', '3', '6051206979', '547148665.19', '16914293634.28', '3210450415.62');
INSERT INTO `com_sale` VALUES ('2016', '3', '7025003680', '450252582.57', '17131760812.02', '3304998286.71');
INSERT INTO `com_sale` VALUES ('2016', '3', '71530004X9', '558749953.34', '17083785318.2', '3392027122.58');
INSERT INTO `com_sale` VALUES ('2016', '3', '7430120299', '446182555.15', '16859911198.83', '3250289817.75');
INSERT INTO `com_sale` VALUES ('2016', '3', '7430287259', '491747204.56', '17091711415.43', '3134382476.58');
INSERT INTO `com_sale` VALUES ('2016', '3', '7765904829', '472622978.86', '17074746841.13', '3147922956.62');
INSERT INTO `com_sale` VALUES ('2016', '4', '0123456789', '517084877.32', '16671607051.27', '3186502044.94');
INSERT INTO `com_sale` VALUES ('2016', '4', '1030718999', '523832073.87', '16437260290.23', '3232431015.12');
INSERT INTO `com_sale` VALUES ('2016', '4', '1244832780', '487066455.95', '16504155271.06', '3102435885.59');
INSERT INTO `com_sale` VALUES ('2016', '4', '2449764139', '494390785.17', '16708420580.53', '3087377945.56');
INSERT INTO `com_sale` VALUES ('2016', '4', '42851028X0', '442630302.94', '16561783219.99', '3232705532.75');
INSERT INTO `com_sale` VALUES ('2016', '4', '6051206979', '400051164.64', '16428170146.65', '3223586661.46');
INSERT INTO `com_sale` VALUES ('2016', '4', '7025003680', '562040793.32', '16388055254.15', '3076635225.41');
INSERT INTO `com_sale` VALUES ('2016', '4', '71530004X9', '461681132.91', '16782485200.47', '3145230285.73');
INSERT INTO `com_sale` VALUES ('2016', '4', '7430120299', '429059511.64', '16304862122.03', '3221547518.41');
INSERT INTO `com_sale` VALUES ('2016', '4', '7430287259', '561369215.47', '16435712463.67', '3098005701.92');
INSERT INTO `com_sale` VALUES ('2016', '4', '7765904829', '507294704.65', '16648072252.77', '2964965952.96');
INSERT INTO `com_sale` VALUES ('2016', '5', '0123456789', '481508663.21', '17005756003.68', '3164131832.68');
INSERT INTO `com_sale` VALUES ('2016', '5', '1030718999', '465420353.78', '17087264894.84', '3185757914.6');
INSERT INTO `com_sale` VALUES ('2016', '5', '1244832780', '496057716.38', '17212280741.94', '3297349714.11');
INSERT INTO `com_sale` VALUES ('2016', '5', '2449764139', '546645434.89', '16932671795.35', '3199400253.73');
INSERT INTO `com_sale` VALUES ('2016', '5', '42851028X0', '498085701.85', '17130782337.81', '3210668512.95');
INSERT INTO `com_sale` VALUES ('2016', '5', '6051206979', '482152032.62', '16955362953.95', '3285547997.29');
INSERT INTO `com_sale` VALUES ('2016', '5', '7025003680', '519726360.89', '16955720662.04', '3247070249.93');
INSERT INTO `com_sale` VALUES ('2016', '5', '71530004X9', '492140848.64', '16899841951.99', '3190337452.04');
INSERT INTO `com_sale` VALUES ('2016', '5', '7430120299', '471501092.18', '16942690675.88', '3139323627.93');
INSERT INTO `com_sale` VALUES ('2016', '5', '7430287259', '469580676.13', '17084004705.1', '3380326776.11');
INSERT INTO `com_sale` VALUES ('2016', '5', '7765904829', '454440818.09', '16968166019.68', '3543760579.59');
INSERT INTO `com_sale` VALUES ('2016', '6', '0123456789', '542423750.13', '16403181764.36', '3054479319.1');
INSERT INTO `com_sale` VALUES ('2016', '6', '1030718999', '413043531.33', '16462522084.67', '3107010185.32');
INSERT INTO `com_sale` VALUES ('2016', '6', '1244832780', '524326229.67', '16207040337.18', '3243773452.89');
INSERT INTO `com_sale` VALUES ('2016', '6', '2449764139', '482571109.5', '16562023846.84', '3068235939.03');
INSERT INTO `com_sale` VALUES ('2016', '6', '42851028X0', '461041515.82', '16642265150.64', '3020141148.08');
INSERT INTO `com_sale` VALUES ('2016', '6', '6051206979', '548756153.48', '16617108866.8', '3258910199.16');
INSERT INTO `com_sale` VALUES ('2016', '6', '7025003680', '465507360.84', '16495125127.21', '3273825522.23');
INSERT INTO `com_sale` VALUES ('2016', '6', '71530004X9', '534651226.85', '16732797112.24', '3061894237.3');
INSERT INTO `com_sale` VALUES ('2016', '6', '7430120299', '468393395.24', '16599454072.62', '2956673729.31');
INSERT INTO `com_sale` VALUES ('2016', '6', '7430287259', '469292512.95', '16156192729.43', '3310713892.26');
INSERT INTO `com_sale` VALUES ('2016', '6', '7765904829', '485702739.14', '16413585153.73', '3306047283.68');
INSERT INTO `com_sale` VALUES ('2016', '7', '0123456789', '478988283.35', '17550274712.57', '3445708081');
INSERT INTO `com_sale` VALUES ('2016', '7', '1030718999', '496743592.23', '17428517866.7', '3244153329.7');
INSERT INTO `com_sale` VALUES ('2016', '7', '1244832780', '546417090.34', '16905532842.09', '3214799308.23');
INSERT INTO `com_sale` VALUES ('2016', '7', '2449764139', '466878397.06', '17113951861.28', '3189838248.41');
INSERT INTO `com_sale` VALUES ('2016', '7', '42851028X0', '550627502.3', '17259480534.39', '3252466919.22');
INSERT INTO `com_sale` VALUES ('2016', '7', '6051206979', '498917445.65', '17087046335.84', '3186609757.46');
INSERT INTO `com_sale` VALUES ('2016', '7', '7025003680', '575863680.77', '17265011351.86', '3225278486.59');
INSERT INTO `com_sale` VALUES ('2016', '7', '71530004X9', '572734946.5', '17347662131.77', '3168024828.62');
INSERT INTO `com_sale` VALUES ('2016', '7', '7430120299', '461547885.42', '17314386783.51', '3293712300.35');
INSERT INTO `com_sale` VALUES ('2016', '7', '7430287259', '441684475.36', '17143959236.69', '3292258655.88');
INSERT INTO `com_sale` VALUES ('2016', '7', '7765904829', '500943706.36', '17125080090.65', '3112833848.96');
INSERT INTO `com_sale` VALUES ('2016', '8', '0123456789', '476616133.65', '16887832831.69', '3162491069.35');
INSERT INTO `com_sale` VALUES ('2016', '8', '1030718999', '463304867.5', '16780505344.19', '3347521889.15');
INSERT INTO `com_sale` VALUES ('2016', '8', '1244832780', '509455208.17', '17005299862.26', '3154028549.02');
INSERT INTO `com_sale` VALUES ('2016', '8', '2449764139', '526074393.11', '16807380244.9', '3145551721.44');
INSERT INTO `com_sale` VALUES ('2016', '8', '42851028X0', '472269796.93', '16844222857.62', '3415951723.92');
INSERT INTO `com_sale` VALUES ('2016', '8', '6051206979', '562494419.76', '17181545299.6', '3234964451.87');
INSERT INTO `com_sale` VALUES ('2016', '8', '7025003680', '560873346.22', '17009431233.92', '3261000981.72');
INSERT INTO `com_sale` VALUES ('2016', '8', '71530004X9', '477464040.37', '16949146233.32', '3141130553.66');
INSERT INTO `com_sale` VALUES ('2016', '8', '7430120299', '479088936.62', '16734124227.19', '3279240580.02');
INSERT INTO `com_sale` VALUES ('2016', '8', '7430287259', '505945012.12', '16873256897.06', '3405841335.16');
INSERT INTO `com_sale` VALUES ('2016', '8', '7765904829', '490755478.64', '16821856338.17', '3271060454.76');
INSERT INTO `com_sale` VALUES ('2016', '9', '0123456789', '462032751.39', '16407546188.81', '3188212615.59');
INSERT INTO `com_sale` VALUES ('2016', '9', '1030718999', '522626831.44', '16466425925.44', '3214033357.2');
INSERT INTO `com_sale` VALUES ('2016', '9', '1244832780', '491109940.2', '16669587103.68', '3135331188.3');
INSERT INTO `com_sale` VALUES ('2016', '9', '2449764139', '488609590.45', '16567388149.55', '2945480041.88');
INSERT INTO `com_sale` VALUES ('2016', '9', '42851028X0', '456497410.81', '16447672011.73', '3128862874.92');
INSERT INTO `com_sale` VALUES ('2016', '9', '6051206979', '473169272', '16602963513.53', '3083748606.06');
INSERT INTO `com_sale` VALUES ('2016', '9', '7025003680', '516856910.21', '16664530260.79', '2952919742.14');
INSERT INTO `com_sale` VALUES ('2016', '9', '71530004X9', '573889697.68', '16532629115.53', '3062742089.81');
INSERT INTO `com_sale` VALUES ('2016', '9', '7430120299', '457347469.16', '16541714202.5', '3003746424.82');
INSERT INTO `com_sale` VALUES ('2016', '9', '7430287259', '524649584.3', '16348022497.01', '3162937779.01');
INSERT INTO `com_sale` VALUES ('2016', '9', '7765904829', '479715019.38', '16720175173.32', '3182379224.81');
INSERT INTO `com_sale` VALUES ('2016', '10', '0123456789', '552610337.02', '17064404981.29', '3258135571.62');
INSERT INTO `com_sale` VALUES ('2016', '10', '1030718999', '443548329.61', '17334485235.29', '3044267658.11');
INSERT INTO `com_sale` VALUES ('2016', '10', '1244832780', '442484296.5', '17123567694.09', '3338327307.26');
INSERT INTO `com_sale` VALUES ('2016', '10', '2449764139', '496832389.24', '17226916221.31', '3328051114.08');
INSERT INTO `com_sale` VALUES ('2016', '10', '42851028X0', '499996104.5', '17183013353.86', '3155396900.23');
INSERT INTO `com_sale` VALUES ('2016', '10', '6051206979', '493417541.54', '17152633123.67', '3284234950.17');
INSERT INTO `com_sale` VALUES ('2016', '10', '7025003680', '490253117.84', '16995386081.48', '3152967075.81');
INSERT INTO `com_sale` VALUES ('2016', '10', '71530004X9', '456141237.45', '16981826298.65', '3142607682.91');
INSERT INTO `com_sale` VALUES ('2016', '10', '7430120299', '458305836.34', '17184866802.67', '3182425051.46');
INSERT INTO `com_sale` VALUES ('2016', '10', '7430287259', '537330911.68', '16935013765.89', '3286232118.61');
INSERT INTO `com_sale` VALUES ('2016', '10', '7765904829', '507858880.43', '16972335029.09', '3253908673.99');
INSERT INTO `com_sale` VALUES ('2016', '11', '0123456789', '427891076.57', '16718046642.86', '3151991319.95');
INSERT INTO `com_sale` VALUES ('2016', '11', '1030718999', '450084927.89', '16885011625.36', '2995188269.62');
INSERT INTO `com_sale` VALUES ('2016', '11', '1244832780', '469169089.64', '16287759329.93', '3003033335.78');
INSERT INTO `com_sale` VALUES ('2016', '11', '2449764139', '484209963.04', '16717396277.67', '2943395755.48');
INSERT INTO `com_sale` VALUES ('2016', '11', '42851028X0', '474277004.84', '16263529891.66', '3106362966.88');
INSERT INTO `com_sale` VALUES ('2016', '11', '6051206979', '527426176.33', '16309860873.47', '3276953049.19');
INSERT INTO `com_sale` VALUES ('2016', '11', '7025003680', '482613722.21', '16608830426.53', '3369755038.59');
INSERT INTO `com_sale` VALUES ('2016', '11', '71530004X9', '516773542.88', '16358483784.09', '3099884246.45');
INSERT INTO `com_sale` VALUES ('2016', '11', '7430120299', '561609508.55', '16373018505.64', '3270157862.55');
INSERT INTO `com_sale` VALUES ('2016', '11', '7430287259', '496253528.33', '16710681487.93', '3213423715.56');
INSERT INTO `com_sale` VALUES ('2016', '11', '7765904829', '492577532.88', '16594584901.59', '3142161967.86');
INSERT INTO `com_sale` VALUES ('2016', '12', '0123456789', '513158141.55', '16790845674.47', '3210047911.91');
INSERT INTO `com_sale` VALUES ('2016', '12', '1030718999', '489017163.6', '17056554310.4', '3254139926.93');
INSERT INTO `com_sale` VALUES ('2016', '12', '1244832780', '476643818.1', '17183319125.62', '3171514468.53');
INSERT INTO `com_sale` VALUES ('2016', '12', '2449764139', '536152594.97', '16997685246.6', '3306564759.63');
INSERT INTO `com_sale` VALUES ('2016', '12', '42851028X0', '490610595.66', '17216746061.46', '3165330596.86');
INSERT INTO `com_sale` VALUES ('2016', '12', '6051206979', '466714905.22', '17202776990.75', '3206027630.94');
INSERT INTO `com_sale` VALUES ('2016', '12', '7025003680', '472947426.67', '16885901084.43', '3331398157.61');
INSERT INTO `com_sale` VALUES ('2016', '12', '71530004X9', '519971714.92', '16813354069.82', '3168517972.54');
INSERT INTO `com_sale` VALUES ('2016', '12', '7430120299', '512954802.62', '16930238987.4', '3138306619.77');
INSERT INTO `com_sale` VALUES ('2016', '12', '7430287259', '582382238.88', '16699935798.88', '3182100646.73');
INSERT INTO `com_sale` VALUES ('2016', '12', '7765904829', '564464333.27', '17622935098.86', '3291722251.93');
INSERT INTO `com_sale` VALUES ('2017', '1', '0123456789', '506274276.98', '17154422453.16', '3141037801.22');
INSERT INTO `com_sale` VALUES ('2017', '1', '1030718999', '534990121.56', '16881648792.63', '3289279752.01');
INSERT INTO `com_sale` VALUES ('2017', '1', '1244832780', '551557947.64', '16997788248.36', '3140370976.98');
INSERT INTO `com_sale` VALUES ('2017', '1', '2449764139', '493025501.5', '17272551327.41', '3083773505.46');
INSERT INTO `com_sale` VALUES ('2017', '1', '42851028X0', '512658587.14', '17240476070.03', '3299436220.53');
INSERT INTO `com_sale` VALUES ('2017', '1', '6051206979', '528350178.68', '16855666127.97', '3358238480.39');
INSERT INTO `com_sale` VALUES ('2017', '1', '7025003680', '472945337.51', '16871048307.59', '3235176190.11');
INSERT INTO `com_sale` VALUES ('2017', '1', '71530004X9', '526827241.43', '16798514721.08', '3268691824.65');
INSERT INTO `com_sale` VALUES ('2017', '1', '7430120299', '443656727.17', '17063809188.6', '3105045224.36');
INSERT INTO `com_sale` VALUES ('2017', '1', '7430287259', '453316180.47', '16940240582', '3230311822.06');
INSERT INTO `com_sale` VALUES ('2017', '1', '7765904829', '477518053.91', '16704018359.06', '3324255188.49');
INSERT INTO `com_sale` VALUES ('2017', '2', '0123456789', '513423320.57', '15703618845.37', '2878724157.46');
INSERT INTO `com_sale` VALUES ('2017', '2', '1030718999', '453956122.04', '15207379151.44', '2938572386.23');
INSERT INTO `com_sale` VALUES ('2017', '2', '1244832780', '440879705.2', '15412631441.95', '3061008222.33');
INSERT INTO `com_sale` VALUES ('2017', '2', '2449764139', '444067549.95', '15297210677.73', '2941463876.48');
INSERT INTO `com_sale` VALUES ('2017', '2', '42851028X0', '446286511.92', '15589884040.98', '3056588182.21');
INSERT INTO `com_sale` VALUES ('2017', '2', '6051206979', '459065081.08', '15430888053.38', '2838338251.74');
INSERT INTO `com_sale` VALUES ('2017', '2', '7025003680', '488065886.96', '15353734759.03', '2939917822');
INSERT INTO `com_sale` VALUES ('2017', '2', '71530004X9', '482619181.37', '15399211232.45', '2788595488.54');
INSERT INTO `com_sale` VALUES ('2017', '2', '7430120299', '471473595.99', '15576835775.57', '2954581771.44');
INSERT INTO `com_sale` VALUES ('2017', '2', '7430287259', '405567408.76', '15587703751.28', '2871443584.27');
INSERT INTO `com_sale` VALUES ('2017', '2', '7765904829', '466085716.36', '15432471952.89', '2947764905.37');
INSERT INTO `com_sale` VALUES ('2017', '3', '0123456789', '490479796.92', '16954060913.77', '3167275806.25');
INSERT INTO `com_sale` VALUES ('2017', '3', '1030718999', '552652499.94', '17037955196.28', '3222333085.67');
INSERT INTO `com_sale` VALUES ('2017', '3', '1244832780', '530023253.57', '16931978853.54', '3159741041.62');
INSERT INTO `com_sale` VALUES ('2017', '3', '2449764139', '511071315.8', '17116590750.14', '3113386137.88');
INSERT INTO `com_sale` VALUES ('2017', '3', '42851028X0', '526448293.59', '17177845616.86', '3403262111.1');
INSERT INTO `com_sale` VALUES ('2017', '3', '6051206979', '571289785.22', '17163397387.46', '3230087625.4');
INSERT INTO `com_sale` VALUES ('2017', '3', '7025003680', '529726252.9', '17067912734.64', '3205790924.91');
INSERT INTO `com_sale` VALUES ('2017', '3', '71530004X9', '518580637.93', '17143409785.3', '3237319257.73');
INSERT INTO `com_sale` VALUES ('2017', '3', '7430120299', '518555019.79', '17436831270.34', '3076196990.09');
INSERT INTO `com_sale` VALUES ('2017', '3', '7430287259', '478967517.67', '17271924554.96', '3432591726.74');
INSERT INTO `com_sale` VALUES ('2017', '3', '7765904829', '518028890.47', '17167174921.4', '3294514626.26');
INSERT INTO `com_sale` VALUES ('2017', '4', '0123456789', '463166073.84', '16458888693.26', '3240767517.83');
INSERT INTO `com_sale` VALUES ('2017', '4', '1030718999', '491260780.58', '16528784791.42', '3126244908.42');
INSERT INTO `com_sale` VALUES ('2017', '4', '1244832780', '489973270.17', '16605320973.99', '3352568169.23');
INSERT INTO `com_sale` VALUES ('2017', '4', '2449764139', '496171914.08', '16484562506.03', '3110366188.37');
INSERT INTO `com_sale` VALUES ('2017', '4', '42851028X0', '531520538.17', '16497132359.12', '3007449104.62');
INSERT INTO `com_sale` VALUES ('2017', '4', '6051206979', '460684666.47', '16424865939.49', '3080111057.69');
INSERT INTO `com_sale` VALUES ('2017', '4', '7025003680', '544975717.54', '16525833101.77', '3278481496.56');
INSERT INTO `com_sale` VALUES ('2017', '4', '71530004X9', '462526463.29', '16722996411.48', '3239359165.27');
INSERT INTO `com_sale` VALUES ('2017', '4', '7430120299', '464735171.43', '16395234677.33', '3194563732.27');
INSERT INTO `com_sale` VALUES ('2017', '4', '7430287259', '453617822.71', '16509646661.28', '3358212255.8');
INSERT INTO `com_sale` VALUES ('2017', '4', '7765904829', '440595588.47', '16493572811.73', '3091264251.78');
INSERT INTO `com_sale` VALUES ('2017', '5', '0123456789', '479479282.63', '16935185748.47', '3426113412.79');
INSERT INTO `com_sale` VALUES ('2017', '5', '1030718999', '511518282.33', '17115139735.51', '3342219596.82');
INSERT INTO `com_sale` VALUES ('2017', '5', '1244832780', '512351238.89', '17168553868.8', '3050767103.96');
INSERT INTO `com_sale` VALUES ('2017', '5', '2449764139', '534709454.7', '17132686316.23', '3200754536.92');
INSERT INTO `com_sale` VALUES ('2017', '5', '42851028X0', '461963457.05', '16914902910.32', '3293466950.71');
INSERT INTO `com_sale` VALUES ('2017', '5', '6051206979', '475341082.29', '17153421161.66', '3245024640.57');
INSERT INTO `com_sale` VALUES ('2017', '5', '7025003680', '485896593.12', '17370329294.46', '3572612736.7');
INSERT INTO `com_sale` VALUES ('2017', '5', '71530004X9', '598378892.74', '17112592636.5', '3332030093.55');
INSERT INTO `com_sale` VALUES ('2017', '5', '7430120299', '433922131.97', '16905320881.43', '3309207835.74');
INSERT INTO `com_sale` VALUES ('2017', '5', '7430287259', '523863354.83', '16776498670.6', '3209151680.68');
INSERT INTO `com_sale` VALUES ('2017', '5', '7765904829', '485166484.63', '16925503799.28', '3262727547.78');
INSERT INTO `com_sale` VALUES ('2017', '6', '0123456789', '498187635.41', '16670714868.85', '3167290173.7');
INSERT INTO `com_sale` VALUES ('2017', '6', '1030718999', '481138272.35', '16391893387.75', '3237413473.26');
INSERT INTO `com_sale` VALUES ('2017', '6', '1244832780', '493379435.96', '16506761448.29', '3031648657.6');
INSERT INTO `com_sale` VALUES ('2017', '6', '2449764139', '499680597.24', '16544662763.43', '3051808721.22');
INSERT INTO `com_sale` VALUES ('2017', '6', '42851028X0', '581575268.01', '16897788329.5', '3290148752.97');
INSERT INTO `com_sale` VALUES ('2017', '6', '6051206979', '485850279.46', '16778695742.31', '3025876967.72');
INSERT INTO `com_sale` VALUES ('2017', '6', '7025003680', '515025917.22', '16327622264.86', '3151131797.61');
INSERT INTO `com_sale` VALUES ('2017', '6', '71530004X9', '542775699.07', '16320427921.49', '3126662643.93');
INSERT INTO `com_sale` VALUES ('2017', '6', '7430120299', '486097886.18', '16632016847.11', '3198467146.54');
INSERT INTO `com_sale` VALUES ('2017', '6', '7430287259', '508192255.1', '16849985902.65', '3019129095.83');
INSERT INTO `com_sale` VALUES ('2017', '6', '7765904829', '509067064.57', '16324984918.71', '3053829280.81');
INSERT INTO `com_sale` VALUES ('2017', '7', '0123456789', '534263299.41', '17203710616.85', '3239772413.6');
INSERT INTO `com_sale` VALUES ('2017', '7', '1030718999', '489803305.64', '17081537651.26', '3328164870.7');
INSERT INTO `com_sale` VALUES ('2017', '7', '1244832780', '556634612.06', '17239762045.43', '3196693621.75');
INSERT INTO `com_sale` VALUES ('2017', '7', '2449764139', '461317192.52', '17086013844.8', '3275558490.9');
INSERT INTO `com_sale` VALUES ('2017', '7', '42851028X0', '538124513.18', '17053823005.21', '3234631774.68');
INSERT INTO `com_sale` VALUES ('2017', '7', '6051206979', '547737069.59', '17053774582.57', '3351575467.91');
INSERT INTO `com_sale` VALUES ('2017', '7', '7025003680', '564325873.13', '17381373888.64', '3190918626.17');
INSERT INTO `com_sale` VALUES ('2017', '7', '71530004X9', '490566182.2', '17052300336.95', '3354687850.78');
INSERT INTO `com_sale` VALUES ('2017', '7', '7430120299', '570350012.84', '16968167148.67', '3399525532.35');
INSERT INTO `com_sale` VALUES ('2017', '7', '7430287259', '517308174.21', '17056210229.81', '3116779069.61');
INSERT INTO `com_sale` VALUES ('2017', '7', '7765904829', '542909839.69', '17178545225.22', '3301608441.23');
INSERT INTO `com_sale` VALUES ('2017', '8', '0123456789', '511890036.41', '16934235311.85', '3316916184.23');
INSERT INTO `com_sale` VALUES ('2017', '8', '1030718999', '520805105.67', '17203793601.5', '3222678396.49');
INSERT INTO `com_sale` VALUES ('2017', '8', '1244832780', '481646048.34', '17075489311.62', '3182723534.39');
INSERT INTO `com_sale` VALUES ('2017', '8', '2449764139', '518602807.58', '17199937931.61', '3281730299.11');
INSERT INTO `com_sale` VALUES ('2017', '8', '42851028X0', '536501791.45', '17054842375.4', '3293106947.87');
INSERT INTO `com_sale` VALUES ('2017', '8', '6051206979', '492698962.29', '16874740439.27', '3193002077.04');
INSERT INTO `com_sale` VALUES ('2017', '8', '7025003680', '516393474.91', '16822916363.58', '3346175809.17');
INSERT INTO `com_sale` VALUES ('2017', '8', '71530004X9', '469988813.55', '17024747196.99', '3161667022.51');
INSERT INTO `com_sale` VALUES ('2017', '8', '7430120299', '492817250.06', '17045108276.26', '3233425940.33');
INSERT INTO `com_sale` VALUES ('2017', '8', '7430287259', '508028039.15', '17135265199.48', '3423064839.22');
INSERT INTO `com_sale` VALUES ('2017', '8', '7765904829', '451264659.09', '17229352366.57', '3216256728.32');
INSERT INTO `com_sale` VALUES ('2017', '9', '0123456789', '496060562.2', '16391927081.48', '3131754330.92');
INSERT INTO `com_sale` VALUES ('2017', '9', '1030718999', '485220132.47', '16463930468.91', '3150313371.36');
INSERT INTO `com_sale` VALUES ('2017', '9', '1244832780', '462664890.89', '16401068142.79', '2996673129.99');
INSERT INTO `com_sale` VALUES ('2017', '9', '2449764139', '501117978.35', '16740146374.99', '3083350747.11');
INSERT INTO `com_sale` VALUES ('2017', '9', '42851028X0', '490862432.76', '16232312381.23', '3105889929.91');
INSERT INTO `com_sale` VALUES ('2017', '9', '6051206979', '550303134.9', '16552073913.81', '3300389081.33');
INSERT INTO `com_sale` VALUES ('2017', '9', '7025003680', '521221091.17', '16311743622.49', '3202818426.22');
INSERT INTO `com_sale` VALUES ('2017', '9', '71530004X9', '451966258.84', '16573977450.05', '3161692079.91');
INSERT INTO `com_sale` VALUES ('2017', '9', '7430120299', '486545450.47', '16452170643.89', '3232392742.06');
INSERT INTO `com_sale` VALUES ('2017', '9', '7430287259', '512723312.9', '16485020543.77', '3252154126.35');
INSERT INTO `com_sale` VALUES ('2017', '9', '7765904829', '502554672.32', '16479617655.57', '3179450814.71');
INSERT INTO `com_sale` VALUES ('2017', '10', '0123456789', '573572169.84', '16956415937.91', '2997643062.07');
INSERT INTO `com_sale` VALUES ('2017', '10', '1030718999', '532795562.61', '17037928823.2', '3276174129.97');
INSERT INTO `com_sale` VALUES ('2017', '10', '1244832780', '548215773.69', '16913761598.43', '3415573411.14');
INSERT INTO `com_sale` VALUES ('2017', '10', '2449764139', '502770535.47', '16788830710.92', '3197538491.01');
INSERT INTO `com_sale` VALUES ('2017', '10', '42851028X0', '542543335.5', '17185126161.31', '3287299599.96');
INSERT INTO `com_sale` VALUES ('2017', '10', '6051206979', '524976876.37', '17181785875.32', '3257970894.55');
INSERT INTO `com_sale` VALUES ('2017', '10', '7025003680', '493716226.63', '17219020977.65', '3262964353.55');
INSERT INTO `com_sale` VALUES ('2017', '10', '71530004X9', '483299312.94', '17230506530.91', '3227545313.92');
INSERT INTO `com_sale` VALUES ('2017', '10', '7430120299', '441182780.01', '16810987453.2', '3437414550.46');
INSERT INTO `com_sale` VALUES ('2017', '10', '7430287259', '517665237.69', '17093060032.01', '3269686928.2');
INSERT INTO `com_sale` VALUES ('2017', '10', '7765904829', '527584035.68', '17199804990.58', '3235899605.49');
INSERT INTO `com_sale` VALUES ('2017', '11', '0123456789', '491447607.92', '16858146248.09', '3193616546.81');
INSERT INTO `com_sale` VALUES ('2017', '11', '1030718999', '484657009.19', '16538825668.1', '3153121434.81');
INSERT INTO `com_sale` VALUES ('2017', '11', '1244832780', '496427058.75', '16512471201.77', '3038267912.72');
INSERT INTO `com_sale` VALUES ('2017', '11', '2449764139', '444142871.78', '16445552352.82', '3168376923.84');
INSERT INTO `com_sale` VALUES ('2017', '11', '42851028X0', '518746626.17', '16673660906.69', '3184959055.7');
INSERT INTO `com_sale` VALUES ('2017', '11', '6051206979', '440777374.22', '16396889022.45', '3143805495.41');
INSERT INTO `com_sale` VALUES ('2017', '11', '7025003680', '450633213.25', '16580945087.22', '3049733563.96');
INSERT INTO `com_sale` VALUES ('2017', '11', '71530004X9', '490732266.28', '16661669474.05', '3097205718.39');
INSERT INTO `com_sale` VALUES ('2017', '11', '7430120299', '595185550.56', '16508677680.63', '3323704119.02');
INSERT INTO `com_sale` VALUES ('2017', '11', '7430287259', '512680047.58', '16725343526.41', '3064327742.99');
INSERT INTO `com_sale` VALUES ('2017', '11', '7765904829', '448938852.28', '16503957578.13', '3199401855.81');
INSERT INTO `com_sale` VALUES ('2017', '12', '0123456789', '468183710.27', '17087123047.25', '3303900345.94');
INSERT INTO `com_sale` VALUES ('2017', '12', '1030718999', '542037408.89', '17276019045.44', '3205560432.74');
INSERT INTO `com_sale` VALUES ('2017', '12', '1244832780', '498570082.09', '17134601713.17', '3380841612.33');
INSERT INTO `com_sale` VALUES ('2017', '12', '2449764139', '530322351.42', '17220212509.85', '3213109347.13');
INSERT INTO `com_sale` VALUES ('2017', '12', '42851028X0', '483629327.73', '17343502561.48', '3148468906.11');
INSERT INTO `com_sale` VALUES ('2017', '12', '6051206979', '472042981.31', '17019933663.19', '3104114864.21');
INSERT INTO `com_sale` VALUES ('2017', '12', '7025003680', '528814736.39', '17006005386.05', '3239801856.17');
INSERT INTO `com_sale` VALUES ('2017', '12', '71530004X9', '537949310.93', '17044564197.19', '2991640039.16');
INSERT INTO `com_sale` VALUES ('2017', '12', '7430120299', '510831479.1', '17154834009.37', '3327209863.82');
INSERT INTO `com_sale` VALUES ('2017', '12', '7430287259', '562026837.77', '17126756275.65', '3180113138.73');
INSERT INTO `com_sale` VALUES ('2017', '12', '7765904829', '524611072.16', '16828656679.69', '3171276195.89');
INSERT INTO `com_sale` VALUES ('2018', '1', '0123456789', '503479593.99', '17046163115.96', '3212685086.66');
INSERT INTO `com_sale` VALUES ('2018', '1', '1030718999', '479392737.69', '16992015826.64', '3296666115.88');
INSERT INTO `com_sale` VALUES ('2018', '1', '1244832780', '454095970.26', '16928304939.53', '3206489060.69');
INSERT INTO `com_sale` VALUES ('2018', '1', '2449764139', '524685806.07', '16919160684.74', '3379448819.71');
INSERT INTO `com_sale` VALUES ('2018', '1', '42851028X0', '440303120.88', '17230485739.26', '3150087521.39');
INSERT INTO `com_sale` VALUES ('2018', '1', '6051206979', '542126555.8', '16849128284.3', '3199486418.37');
INSERT INTO `com_sale` VALUES ('2018', '1', '7025003680', '517033298.71', '16736109080.25', '3451769744.55');
INSERT INTO `com_sale` VALUES ('2018', '1', '71530004X9', '487632585.95', '17104200490.36', '3369045485.18');
INSERT INTO `com_sale` VALUES ('2018', '1', '7430120299', '455050713.22', '16955915345.96', '3417663952.32');
INSERT INTO `com_sale` VALUES ('2018', '1', '7430287259', '537491678.26', '16998102147.75', '3247745847.25');
INSERT INTO `com_sale` VALUES ('2018', '1', '7765904829', '532702209.97', '16847356632.09', '3181365341.17');
INSERT INTO `com_sale` VALUES ('2018', '2', '0123456789', '450891596.04', '15255240519.74', '2861023791.1');
INSERT INTO `com_sale` VALUES ('2018', '2', '1030718999', '522325882.03', '15208848178.49', '2910025749.67');
INSERT INTO `com_sale` VALUES ('2018', '2', '1244832780', '434833400.34', '15255129658.94', '2929153670.4');
INSERT INTO `com_sale` VALUES ('2018', '2', '2449764139', '532001233.76', '15378915261.97', '2968689794.59');
INSERT INTO `com_sale` VALUES ('2018', '2', '42851028X0', '464490781.6', '15510035243.03', '2999653549.56');
INSERT INTO `com_sale` VALUES ('2018', '2', '6051206979', '499541348.86', '15310052585.25', '2927216562.9');
INSERT INTO `com_sale` VALUES ('2018', '2', '7025003680', '398555554.68', '15463293481.56', '2779707452.9');
INSERT INTO `com_sale` VALUES ('2018', '2', '71530004X9', '448877718.44', '15282485250.66', '3075706646.98');
INSERT INTO `com_sale` VALUES ('2018', '2', '7430120299', '406886096.26', '15245473914.02', '2917448511.01');
INSERT INTO `com_sale` VALUES ('2018', '2', '7430287259', '427073753.97', '15708751140.59', '2973204171.48');
INSERT INTO `com_sale` VALUES ('2018', '2', '7765904829', '452452331.97', '15320880730.74', '2816586371.57');
INSERT INTO `com_sale` VALUES ('2018', '3', '0123456789', '509304475', '17366520222.76', '3270921693.79');
INSERT INTO `com_sale` VALUES ('2018', '3', '1030718999', '515251271.15', '17085477726.15', '3239035309.05');
INSERT INTO `com_sale` VALUES ('2018', '3', '1244832780', '543595458.91', '16974831945.02', '3208439351.27');
INSERT INTO `com_sale` VALUES ('2018', '3', '2449764139', '551578720.98', '16976888645.75', '3088454348.78');
INSERT INTO `com_sale` VALUES ('2018', '3', '42851028X0', '505000033.8', '17185375143.82', '3370578689.55');
INSERT INTO `com_sale` VALUES ('2018', '3', '6051206979', '548893223.83', '17024257824.57', '3460798779.67');
INSERT INTO `com_sale` VALUES ('2018', '3', '7025003680', '512801429.97', '16972369320.04', '3413217875.42');
INSERT INTO `com_sale` VALUES ('2018', '3', '71530004X9', '517074395.61', '16784884939.37', '3201130071.71');
INSERT INTO `com_sale` VALUES ('2018', '3', '7430120299', '488915013.58', '17227655943.62', '3253556360.89');
INSERT INTO `com_sale` VALUES ('2018', '3', '7430287259', '524612167', '17006323449.29', '3399779243.09');
INSERT INTO `com_sale` VALUES ('2018', '3', '7765904829', '493992766.08', '17106304068.47', '3245286698.19');
INSERT INTO `com_sale` VALUES ('2018', '4', '0123456789', '460200152.72', '16329993637.53', '3098957246.45');
INSERT INTO `com_sale` VALUES ('2018', '4', '1030718999', '485017674.61', '16602470099.7', '3271423127.39');
INSERT INTO `com_sale` VALUES ('2018', '4', '1244832780', '484358088.84', '16312201553.6', '3151507904.65');
INSERT INTO `com_sale` VALUES ('2018', '4', '2449764139', '465475124.83', '16576193784.52', '3314477018.33');
INSERT INTO `com_sale` VALUES ('2018', '4', '42851028X0', '492055044.96', '16593296030.8', '3124862074.78');
INSERT INTO `com_sale` VALUES ('2018', '4', '6051206979', '566213515.12', '16855726247.41', '3193058702.38');
INSERT INTO `com_sale` VALUES ('2018', '4', '7025003680', '539330527.94', '16438485694.36', '3217440388.96');
INSERT INTO `com_sale` VALUES ('2018', '4', '71530004X9', '541498335.66', '16645907672.15', '3074510847.68');
INSERT INTO `com_sale` VALUES ('2018', '4', '7430120299', '494155808.04', '16289714721.37', '3216471999.59');
INSERT INTO `com_sale` VALUES ('2018', '4', '7430287259', '455886404.15', '16589672912.42', '3149507898.59');
INSERT INTO `com_sale` VALUES ('2018', '4', '7765904829', '512719735.29', '16360775720.66', '3049809437.97');
INSERT INTO `com_sale` VALUES ('2018', '5', '0123456789', '401678635.38', '16933691440.24', '3318833263.78');
INSERT INTO `com_sale` VALUES ('2018', '5', '1030718999', '556241072.19', '17132254805.1', '3174932585.48');
INSERT INTO `com_sale` VALUES ('2018', '5', '1244832780', '586012223.69', '17021875916.21', '3418488120.43');
INSERT INTO `com_sale` VALUES ('2018', '5', '2449764139', '503323679.7', '17237487176.78', '3350093438.1');
INSERT INTO `com_sale` VALUES ('2018', '5', '42851028X0', '569299654.88', '17165294318.74', '3496721336.18');
INSERT INTO `com_sale` VALUES ('2018', '5', '6051206979', '563518530.27', '16938790963.58', '3190052779.59');
INSERT INTO `com_sale` VALUES ('2018', '5', '7025003680', '503942614.32', '17235993237.78', '3257304631.69');
INSERT INTO `com_sale` VALUES ('2018', '5', '71530004X9', '477847744.83', '17089374466.05', '3277253473.49');
INSERT INTO `com_sale` VALUES ('2018', '5', '7430120299', '492297918.03', '17136747913.94', '3113794989.97');
INSERT INTO `com_sale` VALUES ('2018', '5', '7430287259', '493569546.84', '17394280501.51', '3193727966.17');
INSERT INTO `com_sale` VALUES ('2018', '5', '7765904829', '458276719.66', '17096275828.56', '3157944335.2');
INSERT INTO `com_sale` VALUES ('2018', '6', '0123456789', '499260298.79', '16331608632.42', '3271441246.81');
INSERT INTO `com_sale` VALUES ('2018', '6', '1030718999', '463232986.82', '16459479082.58', '3249854274.95');
INSERT INTO `com_sale` VALUES ('2018', '6', '1244832780', '521042321.36', '16476879798.36', '3221141911.17');
INSERT INTO `com_sale` VALUES ('2018', '6', '2449764139', '541019176.03', '16638051080.25', '3245250876.46');
INSERT INTO `com_sale` VALUES ('2018', '6', '42851028X0', '517749638.68', '16453072088.58', '3145631651.71');
INSERT INTO `com_sale` VALUES ('2018', '6', '6051206979', '493205212.02', '16575616773.88', '3059826893.69');
INSERT INTO `com_sale` VALUES ('2018', '6', '7025003680', '472234836.54', '16195628045.35', '3166448102.25');
INSERT INTO `com_sale` VALUES ('2018', '6', '71530004X9', '498171959.11', '16571499290.78', '3135533305.87');
INSERT INTO `com_sale` VALUES ('2018', '6', '7430120299', '484890192.39', '16583189510.35', '3125776825.03');
INSERT INTO `com_sale` VALUES ('2018', '6', '7430287259', '490488059.47', '16624574267.08', '3254682539.62');
INSERT INTO `com_sale` VALUES ('2018', '6', '7765904829', '565622851.9', '16759197386.99', '3055607905.91');
INSERT INTO `com_sale` VALUES ('2018', '7', '0123456789', '487204239.59', '16861527515.93', '3244463102.48');
INSERT INTO `com_sale` VALUES ('2018', '7', '1030718999', '466358906.43', '17523107748.1', '3260625528.46');
INSERT INTO `com_sale` VALUES ('2018', '7', '1244832780', '539120578.54', '16885020269.15', '3338597176.22');
INSERT INTO `com_sale` VALUES ('2018', '7', '2449764139', '481753783.18', '17016262957.69', '3115234785.34');
INSERT INTO `com_sale` VALUES ('2018', '7', '42851028X0', '504184324.32', '17095747588', '3195545034.11');
INSERT INTO `com_sale` VALUES ('2018', '7', '6051206979', '575154575.57', '17184660833.35', '3380626104.52');
INSERT INTO `com_sale` VALUES ('2018', '7', '7025003680', '466361970.95', '17024341631.34', '3330803524.05');
INSERT INTO `com_sale` VALUES ('2018', '7', '71530004X9', '551304252.31', '17178426980.13', '3306676996.86');
INSERT INTO `com_sale` VALUES ('2018', '7', '7430120299', '543907366.96', '17131034406.93', '3272622869.15');
INSERT INTO `com_sale` VALUES ('2018', '7', '7430287259', '475669405.48', '16747790142.54', '3028383304.26');
INSERT INTO `com_sale` VALUES ('2018', '7', '7765904829', '491133923.6', '17130510753.73', '3397619229.12');
INSERT INTO `com_sale` VALUES ('2018', '8', '0123456789', '535528399.45', '17048747885.06', '3344669021.86');
INSERT INTO `com_sale` VALUES ('2018', '8', '1030718999', '488641590.47', '16947033914.99', '3356140605.44');
INSERT INTO `com_sale` VALUES ('2018', '8', '1244832780', '494187006.67', '17162647857.04', '3179167099.16');
INSERT INTO `com_sale` VALUES ('2018', '8', '2449764139', '516209355.15', '17080194058.04', '3114042171.92');
INSERT INTO `com_sale` VALUES ('2018', '8', '42851028X0', '508223065.15', '16963351144.11', '3236998587.41');
INSERT INTO `com_sale` VALUES ('2018', '8', '6051206979', '495017234.44', '16975062666.75', '3249465036.49');
INSERT INTO `com_sale` VALUES ('2018', '8', '7025003680', '505563069.58', '17178076357.33', '3060940553.51');
INSERT INTO `com_sale` VALUES ('2018', '8', '71530004X9', '561630789.03', '16936998235.28', '3241529553.43');
INSERT INTO `com_sale` VALUES ('2018', '8', '7430120299', '502486025.91', '17060890108.92', '3294453147.94');
INSERT INTO `com_sale` VALUES ('2018', '8', '7430287259', '455988705.02', '16907552802.08', '3205023771.13');
INSERT INTO `com_sale` VALUES ('2018', '8', '7765904829', '497196082.3', '17125790289.93', '3307000370.6');
INSERT INTO `com_sale` VALUES ('2018', '9', '0123456789', '503232421.75', '16398442530.94', '3124561832.1');
INSERT INTO `com_sale` VALUES ('2018', '9', '1030718999', '510853941.86', '16138917433.03', '3287093707.65');
INSERT INTO `com_sale` VALUES ('2018', '9', '1244832780', '496296778.77', '16468172127.93', '3147005243.17');
INSERT INTO `com_sale` VALUES ('2018', '9', '2449764139', '486623229.03', '16635732624.48', '3314437607.1');
INSERT INTO `com_sale` VALUES ('2018', '9', '42851028X0', '488377186.14', '16440846777.46', '3192266980.77');
INSERT INTO `com_sale` VALUES ('2018', '9', '6051206979', '506834681.95', '16293598913.39', '3253533278.8');
INSERT INTO `com_sale` VALUES ('2018', '9', '7025003680', '498031993.88', '16381248035.21', '3062117233.94');
INSERT INTO `com_sale` VALUES ('2018', '9', '71530004X9', '455929714.04', '16734498922.81', '3094700436.07');
INSERT INTO `com_sale` VALUES ('2018', '9', '7430120299', '488661995.02', '16455560409.92', '3059856600.63');
INSERT INTO `com_sale` VALUES ('2018', '9', '7430287259', '479547263.17', '16568820499', '3154605081.31');
INSERT INTO `com_sale` VALUES ('2018', '9', '7765904829', '487084408.43', '16409832199.7', '3116673377.52');
INSERT INTO `com_sale` VALUES ('2018', '10', '0123456789', '523500476.53', '17086585022.3', '3169730961.06');
INSERT INTO `com_sale` VALUES ('2018', '10', '1030718999', '488273850.88', '17068581439.85', '3351751616.22');
INSERT INTO `com_sale` VALUES ('2018', '10', '1244832780', '497896086.54', '17433500223.88', '3267183370.97');
INSERT INTO `com_sale` VALUES ('2018', '10', '2449764139', '489323362.75', '16975037830.91', '3376528252.59');
INSERT INTO `com_sale` VALUES ('2018', '10', '42851028X0', '523694515.89', '16897872783.54', '3270315423.44');
INSERT INTO `com_sale` VALUES ('2018', '10', '6051206979', '512780566.56', '17362915123.44', '3043481839.94');
INSERT INTO `com_sale` VALUES ('2018', '10', '7025003680', '501806900.09', '17184443858.17', '3265906448.96');
INSERT INTO `com_sale` VALUES ('2018', '10', '71530004X9', '497619796.22', '16960560100.57', '3302767860.65');
INSERT INTO `com_sale` VALUES ('2018', '10', '7430120299', '540707912.29', '16958033455.51', '3392337470.65');
INSERT INTO `com_sale` VALUES ('2018', '10', '7430287259', '530467599.66', '17007420918.93', '3428162534.39');
INSERT INTO `com_sale` VALUES ('2018', '10', '7765904829', '545617604.16', '17134171135.25', '3260355349.06');
INSERT INTO `com_sale` VALUES ('2018', '11', '0123456789', '491914685.28', '16766548944.77', '3214849415.72');
INSERT INTO `com_sale` VALUES ('2018', '11', '1030718999', '522781144', '16483058530.76', '3246798642.88');
INSERT INTO `com_sale` VALUES ('2018', '11', '1244832780', '503173515.33', '16537841366.97', '3087653275.14');
INSERT INTO `com_sale` VALUES ('2018', '11', '2449764139', '537982083.39', '16285702756.41', '3163332544.95');
INSERT INTO `com_sale` VALUES ('2018', '11', '42851028X0', '508588469.53', '16559263634.87', '3050287778.61');
INSERT INTO `com_sale` VALUES ('2018', '11', '6051206979', '441991799.12', '16560026246.9', '3030309802.45');
INSERT INTO `com_sale` VALUES ('2018', '11', '7025003680', '504043052.61', '16565242186.94', '3153917099.46');
INSERT INTO `com_sale` VALUES ('2018', '11', '71530004X9', '451830921.25', '16773393080.7', '3216703381.52');
INSERT INTO `com_sale` VALUES ('2018', '11', '7430120299', '428042938.03', '16383143758.07', '3089475330.66');
INSERT INTO `com_sale` VALUES ('2018', '11', '7430287259', '461293632.03', '16563194967', '3028342785.51');
INSERT INTO `com_sale` VALUES ('2018', '11', '7765904829', '513554970.88', '16660845872.81', '3165985271.64');
INSERT INTO `com_sale` VALUES ('2018', '12', '0123456789', '537944476.22', '17035510721.94', '3145784216.23');
INSERT INTO `com_sale` VALUES ('2018', '12', '1030718999', '485970443.05', '16682542980.31', '3128656997.02');
INSERT INTO `com_sale` VALUES ('2018', '12', '1244832780', '512373603.55', '17119578818.9', '3266393833.45');
INSERT INTO `com_sale` VALUES ('2018', '12', '2449764139', '516518777.57', '17219248412.12', '3359227840.47');
INSERT INTO `com_sale` VALUES ('2018', '12', '42851028X0', '506014737.36', '17153979132.32', '3111202553.83');
INSERT INTO `com_sale` VALUES ('2018', '12', '6051206979', '499095402.9', '16954471069.83', '3272948458.59');
INSERT INTO `com_sale` VALUES ('2018', '12', '7025003680', '526356829.76', '17257679689.82', '3198045962.18');
INSERT INTO `com_sale` VALUES ('2018', '12', '71530004X9', '531889586.73', '17076342572.62', '3315631259.41');
INSERT INTO `com_sale` VALUES ('2018', '12', '7430120299', '490034663.73', '16680671889.14', '3310052885.11');
INSERT INTO `com_sale` VALUES ('2018', '12', '7430287259', '517162422.5', '17199061971.85', '3294270154.16');
INSERT INTO `com_sale` VALUES ('2018', '12', '7765904829', '465879972.13', '16988226645.6', '3172576562.4');
INSERT INTO `com_sale` VALUES ('2019', '1', '0123456789', '506551592.84', '17457670761.14', '3251300447.6');
INSERT INTO `com_sale` VALUES ('2019', '1', '1030718999', '468150466.82', '16803135967.85', '3272734674.03');
INSERT INTO `com_sale` VALUES ('2019', '1', '1244832780', '567800999.35', '17195703722.09', '3333132133.43');
INSERT INTO `com_sale` VALUES ('2019', '1', '2449764139', '505523154.63', '17421122671.97', '3161102481.94');
INSERT INTO `com_sale` VALUES ('2019', '1', '42851028X0', '542578584.33', '17117347615.45', '3194973904.23');
INSERT INTO `com_sale` VALUES ('2019', '1', '6051206979', '528740845.43', '16927342781.09', '3345200803.46');
INSERT INTO `com_sale` VALUES ('2019', '1', '7025003680', '538820348.67', '17101087063.36', '3269325820.48');
INSERT INTO `com_sale` VALUES ('2019', '1', '71530004X9', '514348403.53', '16821840761.7', '3244950307.05');
INSERT INTO `com_sale` VALUES ('2019', '1', '7430120299', '537051711.7', '16981494816.46', '3263523486.47');
INSERT INTO `com_sale` VALUES ('2019', '1', '7430287259', '538810339.28', '16839225339.87', '3247162130.12');
INSERT INTO `com_sale` VALUES ('2019', '1', '7765904829', '503594441.63', '17057337366.03', '3304870050.26');
INSERT INTO `com_sale` VALUES ('2019', '2', '0123456789', '432704791.74', '15604190390.71', '2813094279.19');
INSERT INTO `com_sale` VALUES ('2019', '2', '1030718999', '477297161.9', '15463238986.98', '3036067622.4');
INSERT INTO `com_sale` VALUES ('2019', '2', '1244832780', '444418307.23', '15457626494.53', '2952024370.22');
INSERT INTO `com_sale` VALUES ('2019', '2', '2449764139', '414014873.98', '15592625577.48', '2855569732.44');
INSERT INTO `com_sale` VALUES ('2019', '2', '42851028X0', '426654416.78', '15493694061.01', '2969893349.56');
INSERT INTO `com_sale` VALUES ('2019', '2', '6051206979', '480814942.96', '15577799003.55', '2965841440.55');
INSERT INTO `com_sale` VALUES ('2019', '2', '7025003680', '492470163.03', '15708373650.78', '3111073016.07');
INSERT INTO `com_sale` VALUES ('2019', '2', '71530004X9', '458320791.49', '15379397100.92', '2926412715.39');
INSERT INTO `com_sale` VALUES ('2019', '2', '7430120299', '483719614.49', '15263474971.54', '2927042195.8');
INSERT INTO `com_sale` VALUES ('2019', '2', '7430287259', '477788687.66', '15704819554.46', '2964206260.64');
INSERT INTO `com_sale` VALUES ('2019', '2', '7765904829', '456100674.89', '15594772613.28', '2847445998.07');
INSERT INTO `com_sale` VALUES ('2019', '3', '0123456789', '528574909.91', '17348983810.1', '3219845228.72');
INSERT INTO `com_sale` VALUES ('2019', '3', '1030718999', '479426305.49', '17013994877.94', '3205980403.95');
INSERT INTO `com_sale` VALUES ('2019', '3', '1244832780', '516880400.07', '16763693305.05', '3315616138.62');
INSERT INTO `com_sale` VALUES ('2019', '3', '2449764139', '497721593.05', '17079591856.81', '3215578302.24');
INSERT INTO `com_sale` VALUES ('2019', '3', '42851028X0', '538512114.76', '16875580853.01', '3288002963.52');
INSERT INTO `com_sale` VALUES ('2019', '3', '6051206979', '506053502.68', '16923867874.19', '3293648949.82');
INSERT INTO `com_sale` VALUES ('2019', '3', '7025003680', '501382658.44', '16841488814.5', '3257806617.01');
INSERT INTO `com_sale` VALUES ('2019', '3', '71530004X9', '468577332.97', '17029814104.38', '3261069580.25');
INSERT INTO `com_sale` VALUES ('2019', '3', '7430120299', '565867591.03', '16916422660.75', '3236279208.06');
INSERT INTO `com_sale` VALUES ('2019', '3', '7430287259', '507287624.24', '16937640237.08', '3242137067.81');
INSERT INTO `com_sale` VALUES ('2019', '3', '7765904829', '533188391.92', '16944635345.18', '3174501411.76');
INSERT INTO `com_sale` VALUES ('2019', '4', '0123456789', '506925135.06', '16283030624.7', '3080659574.64');
INSERT INTO `com_sale` VALUES ('2019', '4', '1030718999', '497041638.46', '16136959671.18', '3262431566.79');
INSERT INTO `com_sale` VALUES ('2019', '4', '1244832780', '451926620.07', '16134010797.69', '3156460999.05');
INSERT INTO `com_sale` VALUES ('2019', '4', '2449764139', '480690808.82', '16365216987.97', '3233690230.15');
INSERT INTO `com_sale` VALUES ('2019', '4', '42851028X0', '488500849.91', '16391071869.33', '3279679652.43');
INSERT INTO `com_sale` VALUES ('2019', '4', '6051206979', '522836649.12', '16573222822.99', '3125626058.57');
INSERT INTO `com_sale` VALUES ('2019', '4', '7025003680', '535054784.6', '16395709679.39', '3115372747.07');
INSERT INTO `com_sale` VALUES ('2019', '4', '71530004X9', '513320798.86', '16496675713.06', '3081278112.91');
INSERT INTO `com_sale` VALUES ('2019', '4', '7430120299', '526498018.61', '16510091928.84', '3005235074.48');
INSERT INTO `com_sale` VALUES ('2019', '4', '7430287259', '502534583.88', '16186799250.34', '3057900715.35');
INSERT INTO `com_sale` VALUES ('2019', '4', '7765904829', '506602312.64', '16489147520.75', '3237890260.26');
INSERT INTO `com_sale` VALUES ('2019', '5', '0123456789', '498407030.96', '16693484659.26', '3218538407.27');
INSERT INTO `com_sale` VALUES ('2019', '5', '1030718999', '540265928.32', '16611313515.62', '3041312289.63');
INSERT INTO `com_sale` VALUES ('2019', '5', '1244832780', '526677571.94', '16998097128.54', '3198506858');
INSERT INTO `com_sale` VALUES ('2019', '5', '2449764139', '496083281.54', '16929216636.97', '3196041980.23');
INSERT INTO `com_sale` VALUES ('2019', '5', '42851028X0', '516526432.64', '17274889931.15', '3199743843.29');
INSERT INTO `com_sale` VALUES ('2019', '5', '6051206979', '549576196.35', '17088350702.71', '3205805750.61');
INSERT INTO `com_sale` VALUES ('2019', '5', '7025003680', '528360143.29', '16681579173.56', '3237009814.95');
INSERT INTO `com_sale` VALUES ('2019', '5', '71530004X9', '489621672.51', '16830979877.49', '3182008619.88');
INSERT INTO `com_sale` VALUES ('2019', '5', '7430120299', '497797024.21', '17034286488.96', '3169903428.21');
INSERT INTO `com_sale` VALUES ('2019', '5', '7430287259', '530231659.68', '17046776352.95', '3189687886.46');
INSERT INTO `com_sale` VALUES ('2019', '5', '7765904829', '502130422.05', '17154749637.07', '3236648610');
INSERT INTO `com_sale` VALUES ('2019', '6', '0123456789', '510217587.19', '16546488563.5', '3254487397.21');
INSERT INTO `com_sale` VALUES ('2019', '6', '1030718999', '419818482.08', '16394405073.38', '3113044580.89');
INSERT INTO `com_sale` VALUES ('2019', '6', '1244832780', '523089310.43', '16317104728.95', '3108696519.11');
INSERT INTO `com_sale` VALUES ('2019', '6', '2449764139', '456937980.49', '16493923900.72', '3157641116');
INSERT INTO `com_sale` VALUES ('2019', '6', '42851028X0', '478066322.44', '16619484259.57', '3103963700.36');
INSERT INTO `com_sale` VALUES ('2019', '6', '6051206979', '434110856.67', '16768867417.87', '3325084467.11');
INSERT INTO `com_sale` VALUES ('2019', '6', '7025003680', '482131662.82', '16817373314.7', '3088871428.34');
INSERT INTO `com_sale` VALUES ('2019', '6', '71530004X9', '501774871.37', '16512857029.45', '3384968148.35');
INSERT INTO `com_sale` VALUES ('2019', '6', '7430120299', '521693975.95', '16609922707.68', '3352394588.06');
INSERT INTO `com_sale` VALUES ('2019', '6', '7430287259', '526824921.43', '16977588675.1', '3225347251.87');
INSERT INTO `com_sale` VALUES ('2019', '6', '7765904829', '510453727.15', '16244330202.61', '2994106935.62');
INSERT INTO `com_sale` VALUES ('2019', '7', '0123456789', '447320948.38', '17060481985.33', '3183491383.93');
INSERT INTO `com_sale` VALUES ('2019', '7', '1030718999', '495773221.72', '17277910316.31', '3219919422.95');
INSERT INTO `com_sale` VALUES ('2019', '7', '1244832780', '467870756.63', '17236069532.63', '3107286723.62');
INSERT INTO `com_sale` VALUES ('2019', '7', '2449764139', '550739116.58', '17325277760.87', '2928638287.1');
INSERT INTO `com_sale` VALUES ('2019', '7', '42851028X0', '523278479.25', '17072568489.59', '3215641025.72');
INSERT INTO `com_sale` VALUES ('2019', '7', '6051206979', '468939755.88', '17146824666.02', '3368135220.81');
INSERT INTO `com_sale` VALUES ('2019', '7', '7025003680', '519430395.17', '17331198334.03', '3475288774.92');
INSERT INTO `com_sale` VALUES ('2019', '7', '71530004X9', '504670665.17', '17038373591.34', '3290663337.63');
INSERT INTO `com_sale` VALUES ('2019', '7', '7430120299', '495615941.09', '17162099027.03', '3329453962.01');
INSERT INTO `com_sale` VALUES ('2019', '7', '7430287259', '513578230.06', '17048344969.71', '3229172849');
INSERT INTO `com_sale` VALUES ('2019', '7', '7765904829', '539390732.37', '16887740163.12', '3146347996.8');
INSERT INTO `com_sale` VALUES ('2019', '8', '0123456789', '501685708.17', '17167104177.54', '3144454536.65');
INSERT INTO `com_sale` VALUES ('2019', '8', '1030718999', '526025139.31', '16839564168.82', '3310507646.74');
INSERT INTO `com_sale` VALUES ('2019', '8', '1244832780', '458479178.41', '16927825833.68', '3296414733.65');
INSERT INTO `com_sale` VALUES ('2019', '8', '2449764139', '469607069.41', '16984076684.23', '3248877166.32');
INSERT INTO `com_sale` VALUES ('2019', '8', '42851028X0', '548680609.98', '16970144715.53', '3221618335.01');
INSERT INTO `com_sale` VALUES ('2019', '8', '6051206979', '522499848.24', '16995279519.16', '3322776594.63');
INSERT INTO `com_sale` VALUES ('2019', '8', '7025003680', '561324547.91', '16952413124.22', '3099512165.67');
INSERT INTO `com_sale` VALUES ('2019', '8', '71530004X9', '542083253.51', '17226877443.93', '3235434343.91');
INSERT INTO `com_sale` VALUES ('2019', '8', '7430120299', '487788204.48', '17323317024.16', '3305798246.64');
INSERT INTO `com_sale` VALUES ('2019', '8', '7430287259', '445672204.18', '16677048286.97', '3246039680.39');
INSERT INTO `com_sale` VALUES ('2019', '8', '7765904829', '490915865.97', '17219947042.01', '3164793645.19');
INSERT INTO `com_sale` VALUES ('2019', '9', '0123456789', '442801957.77', '16270588567.36', '3219924543.84');
INSERT INTO `com_sale` VALUES ('2019', '9', '1030718999', '540484491.95', '16276263426.29', '3046076657.75');
INSERT INTO `com_sale` VALUES ('2019', '9', '1244832780', '544002558.33', '16355054633.3', '3144582297.37');
INSERT INTO `com_sale` VALUES ('2019', '9', '2449764139', '464634011.32', '16463785245.03', '3239214356.88');
INSERT INTO `com_sale` VALUES ('2019', '9', '42851028X0', '486766539.14', '16355658155.84', '3128489973.88');
INSERT INTO `com_sale` VALUES ('2019', '9', '6051206979', '503691093.76', '16428891473.2', '3017847884.92');
INSERT INTO `com_sale` VALUES ('2019', '9', '7025003680', '503162989.76', '16513636603.83', '3180717538.88');
INSERT INTO `com_sale` VALUES ('2019', '9', '71530004X9', '507587969.33', '16744253100.95', '3027811142.56');
INSERT INTO `com_sale` VALUES ('2019', '9', '7430120299', '495478164.07', '16442772667.35', '3187296824.22');
INSERT INTO `com_sale` VALUES ('2019', '9', '7430287259', '478738682.9', '16825004245.47', '3223967404.95');
INSERT INTO `com_sale` VALUES ('2019', '9', '7765904829', '505866664.78', '16223396375.99', '3049279822.35');
INSERT INTO `com_sale` VALUES ('2019', '10', '0123456789', '519328839.09', '17017465275.01', '3182830510.85');
INSERT INTO `com_sale` VALUES ('2019', '10', '1030718999', '452916820.81', '16763197779.84', '2996785953.24');
INSERT INTO `com_sale` VALUES ('2019', '10', '1244832780', '522802130.48', '17048261648.06', '3254645411.27');
INSERT INTO `com_sale` VALUES ('2019', '10', '2449764139', '542388994.81', '16826849068.31', '3403615802');
INSERT INTO `com_sale` VALUES ('2019', '10', '42851028X0', '567246953.59', '17136274628.05', '3299486459.86');
INSERT INTO `com_sale` VALUES ('2019', '10', '6051206979', '470513217.46', '17031354691.74', '3179395422.15');
INSERT INTO `com_sale` VALUES ('2019', '10', '7025003680', '456938621.73', '17279917298.7', '3184349408.98');
INSERT INTO `com_sale` VALUES ('2019', '10', '71530004X9', '486627573.56', '16873739088.66', '3430395674.85');
INSERT INTO `com_sale` VALUES ('2019', '10', '7430120299', '434574137.26', '16874346448.03', '3302595975.57');
INSERT INTO `com_sale` VALUES ('2019', '10', '7430287259', '509891728.23', '16804469716.47', '3504125910.66');
INSERT INTO `com_sale` VALUES ('2019', '10', '7765904829', '547763579.77', '16851506480.68', '3256744841.46');
INSERT INTO `com_sale` VALUES ('2019', '11', '0123456789', '488674220.76', '16580696802.73', '3255085038.71');
INSERT INTO `com_sale` VALUES ('2019', '11', '1030718999', '473662401.81', '16634711735.16', '3289204543.94');
INSERT INTO `com_sale` VALUES ('2019', '11', '1244832780', '500443465.27', '16502526048.09', '3080565588.41');
INSERT INTO `com_sale` VALUES ('2019', '11', '2449764139', '529843990.71', '16429867323.77', '3213739950.32');
INSERT INTO `com_sale` VALUES ('2019', '11', '42851028X0', '481764878.85', '16388072257.01', '3158271449.87');
INSERT INTO `com_sale` VALUES ('2019', '11', '6051206979', '472641760.97', '16421382015.16', '3117933399.74');
INSERT INTO `com_sale` VALUES ('2019', '11', '7025003680', '504607332.39', '16724876289.63', '3053052817.08');
INSERT INTO `com_sale` VALUES ('2019', '11', '71530004X9', '496325229.72', '16256053549.58', '3144503268.6');
INSERT INTO `com_sale` VALUES ('2019', '11', '7430120299', '475006996.21', '16448866287.83', '3112187237.75');
INSERT INTO `com_sale` VALUES ('2019', '11', '7430287259', '524119890.05', '16694972630.81', '3011636331.28');
INSERT INTO `com_sale` VALUES ('2019', '11', '7765904829', '594248348.24', '16357754684.93', '3277669676.92');
INSERT INTO `com_sale` VALUES ('2019', '12', '0123456789', '517168412.5', '17091108194.39', '3365278860.21');
INSERT INTO `com_sale` VALUES ('2019', '12', '1030718999', '542678074.8', '17193242809.28', '3343838997.24');
INSERT INTO `com_sale` VALUES ('2019', '12', '1244832780', '493902533.41', '17154721599.19', '3256779251.45');
INSERT INTO `com_sale` VALUES ('2019', '12', '2449764139', '470419164.32', '16852936207.59', '3168664581.84');
INSERT INTO `com_sale` VALUES ('2019', '12', '42851028X0', '554597580.19', '17099079611.28', '3554469703.79');
INSERT INTO `com_sale` VALUES ('2019', '12', '6051206979', '565085930.67', '17116137528.74', '3172444191.38');
INSERT INTO `com_sale` VALUES ('2019', '12', '7025003680', '485777764.1', '16884849318.77', '3389930297.22');
INSERT INTO `com_sale` VALUES ('2019', '12', '71530004X9', '537808296.83', '17206899278.09', '3359390118.87');
INSERT INTO `com_sale` VALUES ('2019', '12', '7430120299', '554373720.96', '17200182522.2', '3160400904.47');
INSERT INTO `com_sale` VALUES ('2019', '12', '7430287259', '492175676.04', '17087537602.22', '3185565642.97');
INSERT INTO `com_sale` VALUES ('2019', '12', '7765904829', '529335698.08', '17084640479.2', '3279866125.86');
INSERT INTO `com_sale` VALUES ('2020', '1', '0123456789', '563715258.6', '16840284752.26', '3397748301.06');
INSERT INTO `com_sale` VALUES ('2020', '1', '1030718999', '516947044.1', '17354023929.3', '3284129317.3');
INSERT INTO `com_sale` VALUES ('2020', '1', '1244832780', '575417073.26', '17189421026.85', '3274242520.03');
INSERT INTO `com_sale` VALUES ('2020', '1', '2449764139', '594934273.23', '17217002927.81', '3275055758.97');
INSERT INTO `com_sale` VALUES ('2020', '1', '42851028X0', '520736405.82', '17144297551.69', '3310246549.52');
INSERT INTO `com_sale` VALUES ('2020', '1', '6051206979', '545585385.64', '17178431883.91', '3214709760.43');
INSERT INTO `com_sale` VALUES ('2020', '1', '7025003680', '543038299.07', '17046040736.17', '3237820297.96');
INSERT INTO `com_sale` VALUES ('2020', '1', '71530004X9', '504415311.08', '17035388275.31', '3328005821.93');
INSERT INTO `com_sale` VALUES ('2020', '1', '7430120299', '564033070.03', '17268253662.37', '3240560494.7');
INSERT INTO `com_sale` VALUES ('2020', '1', '7430287259', '475912518.89', '16969630017.96', '3315871043.75');
INSERT INTO `com_sale` VALUES ('2020', '1', '7765904829', '494371696.54', '17253107849.52', '3240004697.75');
INSERT INTO `com_sale` VALUES ('2020', '2', '0123456789', '453209464.13', '16122889465.08', '3014872259.04');
INSERT INTO `com_sale` VALUES ('2020', '2', '1030718999', '521729072.86', '16066219086.89', '3111593185.11');
INSERT INTO `com_sale` VALUES ('2020', '2', '1244832780', '437230925.68', '15854067508.39', '3169128402.23');
INSERT INTO `com_sale` VALUES ('2020', '2', '2449764139', '432574988.41', '15892766186.49', '3048914595.58');
INSERT INTO `com_sale` VALUES ('2020', '2', '42851028X0', '430702367.67', '16158045708.92', '2948568278.74');
INSERT INTO `com_sale` VALUES ('2020', '2', '6051206979', '503505283.51', '15831553908.59', '2909084802.29');
INSERT INTO `com_sale` VALUES ('2020', '2', '7025003680', '532711670.52', '15998962392.22', '2985600515.36');
INSERT INTO `com_sale` VALUES ('2020', '2', '71530004X9', '441226461.08', '16028213955.17', '2915122993.6');
INSERT INTO `com_sale` VALUES ('2020', '2', '7430120299', '511457772.33', '15797887735.73', '3189619433.77');
INSERT INTO `com_sale` VALUES ('2020', '2', '7430287259', '501789500.13', '15965452535.24', '3099183386.2');
INSERT INTO `com_sale` VALUES ('2020', '2', '7765904829', '502303663.83', '16082339261.87', '3130270500.6');
INSERT INTO `com_sale` VALUES ('2020', '3', '0123456789', '449619034.49', '17146907296.61', '3172319829.86');
INSERT INTO `com_sale` VALUES ('2020', '3', '1030718999', '551533662.91', '16926093632.44', '3157186598.53');
INSERT INTO `com_sale` VALUES ('2020', '3', '1244832780', '459326932.65', '16830315358.29', '3179963661.22');
INSERT INTO `com_sale` VALUES ('2020', '3', '2449764139', '505265694.77', '17213387761.3', '3258038602.34');
INSERT INTO `com_sale` VALUES ('2020', '3', '42851028X0', '526555424.12', '17337803141.42', '3146128454.84');
INSERT INTO `com_sale` VALUES ('2020', '3', '6051206979', '510770107.17', '16957376512.66', '3310592778.56');
INSERT INTO `com_sale` VALUES ('2020', '3', '7025003680', '518049659.66', '17063833716.64', '3249160752.23');
INSERT INTO `com_sale` VALUES ('2020', '3', '71530004X9', '566771614.91', '16973883665.93', '3235199525.83');
INSERT INTO `com_sale` VALUES ('2020', '3', '7430120299', '508028934.35', '16737095553.54', '3264590229.27');
INSERT INTO `com_sale` VALUES ('2020', '3', '7430287259', '506927187.35', '16947035220.67', '3266158916.01');
INSERT INTO `com_sale` VALUES ('2020', '3', '7765904829', '489976320.63', '17160504704.67', '3116797441.63');
INSERT INTO `com_sale` VALUES ('2020', '4', '0123456789', '549447320.42', '16669188877.11', '3283960304.37');
INSERT INTO `com_sale` VALUES ('2020', '4', '1030718999', '423825519.3', '16199645097.63', '3202578019.71');
INSERT INTO `com_sale` VALUES ('2020', '4', '1244832780', '517934988.4', '16459428359.91', '3113903715.25');
INSERT INTO `com_sale` VALUES ('2020', '4', '2449764139', '524272538.72', '16718290049.71', '3232690642.86');
INSERT INTO `com_sale` VALUES ('2020', '4', '42851028X0', '509889143.3', '16006811160.44', '3295260035.75');
INSERT INTO `com_sale` VALUES ('2020', '4', '6051206979', '540685108.74', '16426729776.54', '3134282250.8');
INSERT INTO `com_sale` VALUES ('2020', '4', '7025003680', '524986667.13', '16254860701.15', '3091282468.16');
INSERT INTO `com_sale` VALUES ('2020', '4', '71530004X9', '477598812.92', '16221871023.03', '3054640573.57');
INSERT INTO `com_sale` VALUES ('2020', '4', '7430120299', '501459657.61', '16383013769.8', '2957653453.97');
INSERT INTO `com_sale` VALUES ('2020', '4', '7430287259', '481695000.2', '16380917981.91', '3243993325');
INSERT INTO `com_sale` VALUES ('2020', '4', '7765904829', '447170637.67', '16386813421.12', '3077695885.04');
INSERT INTO `com_sale` VALUES ('2020', '5', '0123456789', '539416827.93', '17150057854.29', '3246643314.8');
INSERT INTO `com_sale` VALUES ('2020', '5', '1030718999', '566061874.67', '17241863423.18', '3240624477.79');
INSERT INTO `com_sale` VALUES ('2020', '5', '1244832780', '575915943.12', '17051530830.28', '3413087924.15');
INSERT INTO `com_sale` VALUES ('2020', '5', '2449764139', '530187577.74', '17015641511.09', '3350723554.24');
INSERT INTO `com_sale` VALUES ('2020', '5', '42851028X0', '499471031.39', '17208308929.59', '3219048216.54');
INSERT INTO `com_sale` VALUES ('2020', '5', '6051206979', '547858208.78', '16854394574.82', '3234346184.22');
INSERT INTO `com_sale` VALUES ('2020', '5', '7025003680', '478456556.1', '17194785527.75', '3215419665.01');
INSERT INTO `com_sale` VALUES ('2020', '5', '71530004X9', '445843512.29', '17159020202.42', '3397745164.01');
INSERT INTO `com_sale` VALUES ('2020', '5', '7430120299', '516444212.87', '17441493819.07', '3261308093.27');
INSERT INTO `com_sale` VALUES ('2020', '5', '7430287259', '486177694.66', '16946589726.26', '3310578655.9');
INSERT INTO `com_sale` VALUES ('2020', '5', '7765904829', '497375286.48', '17166401441.85', '3282817643.19');
INSERT INTO `com_sale` VALUES ('2020', '6', '0123456789', '507826707.84', '16395241612.6', '3157280883.3');
INSERT INTO `com_sale` VALUES ('2020', '6', '1030718999', '506425107.01', '16442684199.01', '3197088679.5');
INSERT INTO `com_sale` VALUES ('2020', '6', '1244832780', '476969036.1', '16439438234.43', '3113291940.38');
INSERT INTO `com_sale` VALUES ('2020', '6', '2449764139', '517115575.14', '16467530246.03', '3059580901.08');
INSERT INTO `com_sale` VALUES ('2020', '6', '42851028X0', '522131875.99', '16747123810.73', '3149348501.07');
INSERT INTO `com_sale` VALUES ('2020', '6', '6051206979', '546513127.05', '16546850930.76', '3132657938.96');
INSERT INTO `com_sale` VALUES ('2020', '6', '7025003680', '502912517.97', '16524235160.38', '3132488670.67');
INSERT INTO `com_sale` VALUES ('2020', '6', '71530004X9', '461872555.94', '16388887476.57', '3227856298.04');
INSERT INTO `com_sale` VALUES ('2020', '6', '7430120299', '494788870.33', '16435390696.54', '3107259003.58');
INSERT INTO `com_sale` VALUES ('2020', '6', '7430287259', '543147972.33', '16461454351.22', '3218252034.93');
INSERT INTO `com_sale` VALUES ('2020', '6', '7765904829', '534817042.71', '16461055430.63', '3120799471.81');
INSERT INTO `com_sale` VALUES ('2020', '7', '0123456789', '523445575.63', '17179410499.04', '3063443570.81');
INSERT INTO `com_sale` VALUES ('2020', '7', '1030718999', '497376764.72', '17143466279.95', '3204752842.87');
INSERT INTO `com_sale` VALUES ('2020', '7', '1244832780', '428477346.44', '16999930750.68', '3316307903.43');
INSERT INTO `com_sale` VALUES ('2020', '7', '2449764139', '516617873.97', '16985922965.52', '3139449308.77');
INSERT INTO `com_sale` VALUES ('2020', '7', '42851028X0', '482687995.88', '17229363918.23', '3285322581.38');
INSERT INTO `com_sale` VALUES ('2020', '7', '6051206979', '488082411.9', '17083549542.85', '3214214006.33');
INSERT INTO `com_sale` VALUES ('2020', '7', '7025003680', '513316640.63', '17318442364.94', '3304594179.96');
INSERT INTO `com_sale` VALUES ('2020', '7', '71530004X9', '431599277.53', '17098854142.08', '3279519643.97');
INSERT INTO `com_sale` VALUES ('2020', '7', '7430120299', '584762658.01', '17038869904.46', '3196240075.21');
INSERT INTO `com_sale` VALUES ('2020', '7', '7430287259', '563979018.38', '17041675373.04', '3298743492.72');
INSERT INTO `com_sale` VALUES ('2020', '7', '7765904829', '508870317.78', '16994583089.56', '3099183569.9');
INSERT INTO `com_sale` VALUES ('2020', '8', '0123456789', '493417365.44', '17118572785.87', '3299308461.06');
INSERT INTO `com_sale` VALUES ('2020', '8', '1030718999', '509994789.58', '16708553931.29', '3343390312.48');
INSERT INTO `com_sale` VALUES ('2020', '8', '1244832780', '477883977.09', '17256352632.58', '3174382568.49');
INSERT INTO `com_sale` VALUES ('2020', '8', '2449764139', '511303161.2', '17184613321.84', '3302320090.94');
INSERT INTO `com_sale` VALUES ('2020', '8', '42851028X0', '531637425.13', '16908540105.54', '3354624343.54');
INSERT INTO `com_sale` VALUES ('2020', '8', '6051206979', '505137939.05', '17047479188.78', '3199374536.39');
INSERT INTO `com_sale` VALUES ('2020', '8', '7025003680', '483068313.37', '17065801017.77', '3139843091.71');
INSERT INTO `com_sale` VALUES ('2020', '8', '71530004X9', '547348226.3', '16976633827.31', '3503427515.4');
INSERT INTO `com_sale` VALUES ('2020', '8', '7430120299', '510761685.37', '17068976733.57', '3259308304.07');
INSERT INTO `com_sale` VALUES ('2020', '8', '7430287259', '466409062.86', '17091454553.34', '3360109743.86');
INSERT INTO `com_sale` VALUES ('2020', '8', '7765904829', '553100928.33', '16875432031.17', '3271431722.76');
INSERT INTO `com_sale` VALUES ('2020', '9', '0123456789', '522399775.75', '16512824402.79', '3227040604.03');
INSERT INTO `com_sale` VALUES ('2020', '9', '1030718999', '436195257.02', '16382218959.61', '3277344794.76');
INSERT INTO `com_sale` VALUES ('2020', '9', '1244832780', '564617880.06', '16436966612.94', '3142657183.05');
INSERT INTO `com_sale` VALUES ('2020', '9', '2449764139', '534090258.55', '16459633557.53', '3093315012.73');
INSERT INTO `com_sale` VALUES ('2020', '9', '42851028X0', '490560444.53', '16548547347.14', '3198550335.78');
INSERT INTO `com_sale` VALUES ('2020', '9', '6051206979', '505506291.12', '16269242267.93', '3276689966.15');
INSERT INTO `com_sale` VALUES ('2020', '9', '7025003680', '534321469.47', '16607053348.26', '3184033652.28');
INSERT INTO `com_sale` VALUES ('2020', '9', '71530004X9', '512660595.07', '16503148445.58', '3193792795.88');
INSERT INTO `com_sale` VALUES ('2020', '9', '7430120299', '498408700.39', '16499726959.69', '3039440442.43');
INSERT INTO `com_sale` VALUES ('2020', '9', '7430287259', '497716142.59', '16709305466.9', '2999519986.25');
INSERT INTO `com_sale` VALUES ('2020', '9', '7765904829', '516015980.69', '16302659997.57', '3272623844.08');
INSERT INTO `com_sale` VALUES ('2020', '10', '0123456789', '446929291.08', '17170097753.78', '3349358063.66');
INSERT INTO `com_sale` VALUES ('2020', '10', '1030718999', '539638764.17', '17306389975.56', '3242437762.16');
INSERT INTO `com_sale` VALUES ('2020', '10', '1244832780', '518154108.66', '16986264519.1', '3226302749.38');
INSERT INTO `com_sale` VALUES ('2020', '10', '2449764139', '545756663.74', '17281806750.79', '3242225402.19');
INSERT INTO `com_sale` VALUES ('2020', '10', '42851028X0', '522573099.71', '17152767327.61', '3342448966.13');
INSERT INTO `com_sale` VALUES ('2020', '10', '6051206979', '491717085.13', '16844078593.35', '3273125637.77');
INSERT INTO `com_sale` VALUES ('2020', '10', '7025003680', '539459331.59', '17025798499.96', '3169542371.27');
INSERT INTO `com_sale` VALUES ('2020', '10', '71530004X9', '537043245.42', '16856395804.27', '3216452513');
INSERT INTO `com_sale` VALUES ('2020', '10', '7430120299', '506819135.91', '16975378987.52', '3131127786.85');
INSERT INTO `com_sale` VALUES ('2020', '10', '7430287259', '574825978.91', '17166740517.27', '3249213266.25');
INSERT INTO `com_sale` VALUES ('2020', '10', '7765904829', '494182787.77', '16972757254.44', '3189057203.35');
INSERT INTO `com_sale` VALUES ('2020', '11', '0123456789', '532917523.65', '16643318236.01', '3165514178.61');
INSERT INTO `com_sale` VALUES ('2020', '11', '1030718999', '454374763.64', '16587087928.34', '3437047611.15');
INSERT INTO `com_sale` VALUES ('2020', '11', '1244832780', '493946121.91', '16454561976.24', '3284178799.86');
INSERT INTO `com_sale` VALUES ('2020', '11', '2449764139', '458520054.07', '16449880870.92', '3199544254.91');
INSERT INTO `com_sale` VALUES ('2020', '11', '42851028X0', '496739840.45', '16579075149.36', '3259765510.77');
INSERT INTO `com_sale` VALUES ('2020', '11', '6051206979', '468714840.02', '16666812006.68', '3135824414.65');
INSERT INTO `com_sale` VALUES ('2020', '11', '7025003680', '474580425.39', '16326170400.23', '3237752392.19');
INSERT INTO `com_sale` VALUES ('2020', '11', '71530004X9', '511619678.55', '16434863308.23', '3186538787.43');
INSERT INTO `com_sale` VALUES ('2020', '11', '7430120299', '485221101.57', '16455331329.34', '3077011652.19');
INSERT INTO `com_sale` VALUES ('2020', '11', '7430287259', '484619020.99', '16326508745.64', '3078835653.78');
INSERT INTO `com_sale` VALUES ('2020', '11', '7765904829', '548466831.04', '16620373845.86', '3198883374.21');
INSERT INTO `com_sale` VALUES ('2020', '12', '0123456789', '535877580.9', '16883224075.25', '3321525752.04');
INSERT INTO `com_sale` VALUES ('2020', '12', '1030718999', '467943533.8', '16906636500.68', '3089288444.38');
INSERT INTO `com_sale` VALUES ('2020', '12', '1244832780', '464565797.26', '17309886751.86', '3211292299.19');
INSERT INTO `com_sale` VALUES ('2020', '12', '2449764139', '525609721.27', '16845149855.91', '3260745820.11');
INSERT INTO `com_sale` VALUES ('2020', '12', '42851028X0', '495828456.66', '17125010014.63', '3269206596.82');
INSERT INTO `com_sale` VALUES ('2020', '12', '6051206979', '520264240.87', '17080380816.34', '3137687390.86');
INSERT INTO `com_sale` VALUES ('2020', '12', '7025003680', '502682202.72', '16951740876.65', '3087551498.6');
INSERT INTO `com_sale` VALUES ('2020', '12', '71530004X9', '476268255.43', '16967000304.77', '3216823348.12');
INSERT INTO `com_sale` VALUES ('2020', '12', '7430120299', '577319623.27', '17027531329.47', '3207082761.9');
INSERT INTO `com_sale` VALUES ('2020', '12', '7430287259', '590246539.12', '17285521427.17', '3209500776.15');
INSERT INTO `com_sale` VALUES ('2020', '12', '7765904829', '493673201.56', '16978307704.84', '3143105288.35');
INSERT INTO `com_sale` VALUES ('2021', '1', '0123456789', '541467426.43', '16845105683.46', '3379796159.04');
INSERT INTO `com_sale` VALUES ('2021', '1', '1030718999', '456323112.18', '17083900744.02', '3250966952.4');
INSERT INTO `com_sale` VALUES ('2021', '1', '1244832780', '563161370.77', '16944694612.65', '3432867388.12');
INSERT INTO `com_sale` VALUES ('2021', '1', '2449764139', '509677145.61', '17184411872.29', '3297962990.55');
INSERT INTO `com_sale` VALUES ('2021', '1', '42851028X0', '516293571.93', '17232969063.65', '3170987313.35');
INSERT INTO `com_sale` VALUES ('2021', '1', '6051206979', '468243915.8', '16963719381.28', '3257336553.37');
INSERT INTO `com_sale` VALUES ('2021', '1', '7025003680', '508495317.17', '17061977304.11', '3195350048.81');
INSERT INTO `com_sale` VALUES ('2021', '1', '71530004X9', '523759720.83', '17096324364.88', '3348346636.77');
INSERT INTO `com_sale` VALUES ('2021', '1', '7430120299', '536264161.96', '16966939036.33', '3099420162.93');
INSERT INTO `com_sale` VALUES ('2021', '1', '7430287259', '492701608.43', '17020133580.31', '3193854042.45');
INSERT INTO `com_sale` VALUES ('2021', '1', '7765904829', '468659488.33', '16951697174.48', '3150900770.09');
INSERT INTO `com_sale` VALUES ('2021', '2', '0123456789', '473278297.96', '15522987329.51', '2893107883.37');
INSERT INTO `com_sale` VALUES ('2021', '2', '1030718999', '473267484.88', '15318780416.22', '2831396160.21');
INSERT INTO `com_sale` VALUES ('2021', '2', '1244832780', '501125672.15', '15371641929.86', '2849293772.83');
INSERT INTO `com_sale` VALUES ('2021', '2', '2449764139', '446501001.36', '15742384356.05', '3001645976.26');
INSERT INTO `com_sale` VALUES ('2021', '2', '42851028X0', '411315337.43', '15256853321.02', '2945602865.78');
INSERT INTO `com_sale` VALUES ('2021', '2', '6051206979', '424577704.77', '15163344406.28', '2940413510.46');
INSERT INTO `com_sale` VALUES ('2021', '2', '7025003680', '437721680.62', '15398781558.64', '2901917206.83');
INSERT INTO `com_sale` VALUES ('2021', '2', '71530004X9', '457972142.01', '15355326076.89', '2936805441.11');
INSERT INTO `com_sale` VALUES ('2021', '2', '7430120299', '415840717.64', '15336884796.25', '2994912352.12');
INSERT INTO `com_sale` VALUES ('2021', '2', '7430287259', '455142798.97', '15612643840.58', '3037309707.35');
INSERT INTO `com_sale` VALUES ('2021', '2', '7765904829', '429373645.68', '15412284686.24', '2912723610.37');
INSERT INTO `com_sale` VALUES ('2021', '3', '0123456789', '520332829.83', '17246989744.44', '3272841326.17');
INSERT INTO `com_sale` VALUES ('2021', '3', '1030718999', '547597840.51', '17121072211.69', '3369823351.33');
INSERT INTO `com_sale` VALUES ('2021', '3', '1244832780', '490684054.11', '16957736594.35', '3215492968.13');
INSERT INTO `com_sale` VALUES ('2021', '3', '2449764139', '531391438.67', '16963865964.86', '3470773924.34');
INSERT INTO `com_sale` VALUES ('2021', '3', '42851028X0', '520123753.58', '16889265224.25', '3031028690.78');
INSERT INTO `com_sale` VALUES ('2021', '3', '6051206979', '539320885.78', '17143159417.43', '3099612161.34');
INSERT INTO `com_sale` VALUES ('2021', '3', '7025003680', '461965363.33', '17106173168.04', '3073922462.85');
INSERT INTO `com_sale` VALUES ('2021', '3', '71530004X9', '477116976.54', '17027636380.3', '3396258985.34');
INSERT INTO `com_sale` VALUES ('2021', '3', '7430120299', '522445335.3', '16938135763.82', '3229439833');
INSERT INTO `com_sale` VALUES ('2021', '3', '7430287259', '541375895.05', '17048992972.12', '3332693406.2');
INSERT INTO `com_sale` VALUES ('2021', '3', '7765904829', '483710376.29', '16991335112.11', '3270326334.92');
INSERT INTO `com_sale` VALUES ('2021', '4', '0123456789', '543046125.1', '16271804256.4', '2996088164.08');
INSERT INTO `com_sale` VALUES ('2021', '4', '1030718999', '518144048.63', '16473363657', '3222571407.86');
INSERT INTO `com_sale` VALUES ('2021', '4', '1244832780', '552076504.01', '16189253499.92', '3212686408.46');
INSERT INTO `com_sale` VALUES ('2021', '4', '2449764139', '468045960.74', '16337027578.76', '3130732503.8');
INSERT INTO `com_sale` VALUES ('2021', '4', '42851028X0', '505275189.87', '16403268469.45', '2937166699.24');
INSERT INTO `com_sale` VALUES ('2021', '4', '6051206979', '518473113.56', '16609874716.42', '3018709316.96');
INSERT INTO `com_sale` VALUES ('2021', '4', '7025003680', '528312967.4', '16719830051.95', '3004102269.54');
INSERT INTO `com_sale` VALUES ('2021', '4', '71530004X9', '440839833.93', '16452825872.23', '3018800606.22');
INSERT INTO `com_sale` VALUES ('2021', '4', '7430120299', '538401448.52', '16611689221.99', '3264397919.26');
INSERT INTO `com_sale` VALUES ('2021', '4', '7430287259', '517803695.99', '16492051711.86', '3118023357.5');
INSERT INTO `com_sale` VALUES ('2021', '4', '7765904829', '544420408.13', '16348967206.97', '3183605300.59');
INSERT INTO `com_sale` VALUES ('2021', '5', '0123456789', '540238643.33', '17088942488.5', '3105725943.2');
INSERT INTO `com_sale` VALUES ('2021', '5', '1030718999', '522484094.83', '17069691182.71', '3428817615.97');
INSERT INTO `com_sale` VALUES ('2021', '5', '1244832780', '522639389.04', '16712727660.76', '3228907994.62');
INSERT INTO `com_sale` VALUES ('2021', '5', '2449764139', '510702910.85', '17346433055.31', '3154203197.21');
INSERT INTO `com_sale` VALUES ('2021', '5', '42851028X0', '584655078.53', '17068925930.43', '3268166360.29');
INSERT INTO `com_sale` VALUES ('2021', '5', '6051206979', '511280051.98', '16751284172.11', '3414172060.87');
INSERT INTO `com_sale` VALUES ('2021', '5', '7025003680', '536114526.27', '16908289060.51', '3287838611.88');
INSERT INTO `com_sale` VALUES ('2021', '5', '71530004X9', '527092651.75', '16923111605.02', '3390891342.05');
INSERT INTO `com_sale` VALUES ('2021', '5', '7430120299', '562682138.03', '16984380208.93', '3190091290.04');
INSERT INTO `com_sale` VALUES ('2021', '5', '7430287259', '546426128.13', '16990302593.79', '3362477378.27');
INSERT INTO `com_sale` VALUES ('2021', '5', '7765904829', '467664793.72', '17156980312.37', '3393897277.5');
INSERT INTO `com_sale` VALUES ('2021', '6', '0123456789', '460240582.28', '16556727790.3', '3119186167.27');
INSERT INTO `com_sale` VALUES ('2021', '6', '1030718999', '488536698.2', '16622182784.68', '3285023718.27');
INSERT INTO `com_sale` VALUES ('2021', '6', '1244832780', '500234260.28', '16522145204.01', '3050690146.04');
INSERT INTO `com_sale` VALUES ('2021', '6', '2449764139', '535495394.87', '16546921808.36', '3376542473.76');
INSERT INTO `com_sale` VALUES ('2021', '6', '42851028X0', '477863085.09', '16561587877.48', '3179996291.9');
INSERT INTO `com_sale` VALUES ('2021', '6', '6051206979', '512527636.03', '16761154134.78', '3277006199.36');
INSERT INTO `com_sale` VALUES ('2021', '6', '7025003680', '447511813.44', '16533165027.53', '3210952221.08');
INSERT INTO `com_sale` VALUES ('2021', '6', '71530004X9', '540728920.43', '16660625438.56', '2946581004.11');
INSERT INTO `com_sale` VALUES ('2021', '6', '7430120299', '503568929.93', '16613832278.3', '3229707310.96');
INSERT INTO `com_sale` VALUES ('2021', '6', '7430287259', '451713145.5', '16464731248.9', '3119471950.91');
INSERT INTO `com_sale` VALUES ('2021', '6', '7765904829', '526336906.76', '16635708254.68', '3121391832.68');
INSERT INTO `com_sale` VALUES ('2021', '7', '0123456789', '503431472.17', '17114890703.55', '3352535654.39');
INSERT INTO `com_sale` VALUES ('2021', '7', '1030718999', '522595377.78', '16870873714.89', '3384645937.37');
INSERT INTO `com_sale` VALUES ('2021', '7', '1244832780', '519644334.27', '17183407467.65', '3271532196.56');
INSERT INTO `com_sale` VALUES ('2021', '7', '2449764139', '479850615.94', '17174279892.1', '3251600193.03');
INSERT INTO `com_sale` VALUES ('2021', '7', '42851028X0', '469507360.44', '17049607698.81', '3008859635.11');
INSERT INTO `com_sale` VALUES ('2021', '7', '6051206979', '507810823.34', '17030853068.14', '3272156933.66');
INSERT INTO `com_sale` VALUES ('2021', '7', '7025003680', '460314853.42', '16846958952.84', '3215831279.68');
INSERT INTO `com_sale` VALUES ('2021', '7', '71530004X9', '459639670.79', '16999652736.79', '3275714964.75');
INSERT INTO `com_sale` VALUES ('2021', '7', '7430120299', '533829147.05', '17096899148.73', '3399963017.25');
INSERT INTO `com_sale` VALUES ('2021', '7', '7430287259', '489850068.2', '16736069000.17', '3232920588.05');
INSERT INTO `com_sale` VALUES ('2021', '7', '7765904829', '534082959.02', '16905088492.8', '3255885558.53');
INSERT INTO `com_sale` VALUES ('2021', '8', '0123456789', '519291260.81', '16835488391.79', '3192494953.37');
INSERT INTO `com_sale` VALUES ('2021', '8', '1030718999', '505907256.27', '17351269805.27', '3210737903.12');
INSERT INTO `com_sale` VALUES ('2021', '8', '1244832780', '519157164.79', '17037603954.75', '3307679792.65');
INSERT INTO `com_sale` VALUES ('2021', '8', '2449764139', '507470292.88', '16912948891.35', '3352413692.6');
INSERT INTO `com_sale` VALUES ('2021', '8', '42851028X0', '480971333.27', '17373387811', '3271427859.41');
INSERT INTO `com_sale` VALUES ('2021', '8', '6051206979', '522942195.8', '16939994870.53', '3348211991.72');
INSERT INTO `com_sale` VALUES ('2021', '8', '7025003680', '473579612.23', '17138719456.43', '3229691437.55');
INSERT INTO `com_sale` VALUES ('2021', '8', '71530004X9', '567171557.52', '16744490459.54', '3225671542.73');
INSERT INTO `com_sale` VALUES ('2021', '8', '7430120299', '474494636.09', '17011082959.1', '3284808669.73');
INSERT INTO `com_sale` VALUES ('2021', '8', '7430287259', '479462147.7', '17078857756.5', '3038183734.28');
INSERT INTO `com_sale` VALUES ('2021', '8', '7765904829', '555192804.62', '17011548139.81', '3258484014.07');
INSERT INTO `com_sale` VALUES ('2021', '9', '0123456789', '529284445.84', '16605936089.54', '3304652940.23');
INSERT INTO `com_sale` VALUES ('2021', '9', '1030718999', '566840902.96', '16640224963.57', '3052126021.31');
INSERT INTO `com_sale` VALUES ('2021', '9', '1244832780', '488948694.55', '16616442939.97', '3160703999.74');
INSERT INTO `com_sale` VALUES ('2021', '9', '2449764139', '530559456.1', '16729420790.4', '3292004121.27');
INSERT INTO `com_sale` VALUES ('2021', '9', '42851028X0', '477122139.55', '16329463916.93', '3205407144.83');
INSERT INTO `com_sale` VALUES ('2021', '9', '6051206979', '430636809.82', '16661166400.98', '3073447272.2');
INSERT INTO `com_sale` VALUES ('2021', '9', '7025003680', '506455483.52', '16282243190.55', '3098483350.53');
INSERT INTO `com_sale` VALUES ('2021', '9', '71530004X9', '491293726.5', '16482094646.78', '3063655378.36');
INSERT INTO `com_sale` VALUES ('2021', '9', '7430120299', '509002523.55', '16884057428.79', '3238492475.32');
INSERT INTO `com_sale` VALUES ('2021', '9', '7430287259', '499015431.71', '16587570820.85', '3246100484.4');
INSERT INTO `com_sale` VALUES ('2021', '9', '7765904829', '524645565.32', '16534415839.37', '3276039170.28');
INSERT INTO `com_sale` VALUES ('2021', '10', '0123456789', '487157923.98', '17202474702.81', '3230844469.79');
INSERT INTO `com_sale` VALUES ('2021', '10', '1030718999', '554990340.76', '17118587967.54', '3317279760.51');
INSERT INTO `com_sale` VALUES ('2021', '10', '1244832780', '537001842.5', '17031270149.5', '3144690275.24');
INSERT INTO `com_sale` VALUES ('2021', '10', '2449764139', '540505883.65', '17271275502.85', '3282668679.89');
INSERT INTO `com_sale` VALUES ('2021', '10', '42851028X0', '476080971.77', '16949344244.03', '3210319517.64');
INSERT INTO `com_sale` VALUES ('2021', '10', '6051206979', '491404323.8', '17103637361.28', '3254768836.06');
INSERT INTO `com_sale` VALUES ('2021', '10', '7025003680', '479530476.31', '16816680790.72', '3150339682.19');
INSERT INTO `com_sale` VALUES ('2021', '10', '71530004X9', '569972513.99', '17074612132.55', '3247222114.41');
INSERT INTO `com_sale` VALUES ('2021', '10', '7430120299', '555705245.35', '17185104498.55', '3297161324.25');
INSERT INTO `com_sale` VALUES ('2021', '10', '7430287259', '493042303.2', '17254465811.81', '3277782011.44');
INSERT INTO `com_sale` VALUES ('2021', '10', '7765904829', '484281917.83', '17007981528.25', '3396698021.28');
INSERT INTO `com_sale` VALUES ('2021', '11', '0123456789', '451894395.91', '16318886122.11', '3092242127.59');
INSERT INTO `com_sale` VALUES ('2021', '11', '1030718999', '497879694.56', '16634564913.52', '3216147354.21');
INSERT INTO `com_sale` VALUES ('2021', '11', '1244832780', '458060393.66', '16629075557.69', '3029594133.97');
INSERT INTO `com_sale` VALUES ('2021', '11', '2449764139', '489159968.5', '16249035202.82', '3225974583.55');
INSERT INTO `com_sale` VALUES ('2021', '11', '42851028X0', '534585626.41', '16299811041.16', '3059837238.48');
INSERT INTO `com_sale` VALUES ('2021', '11', '6051206979', '473097773.03', '16449993747.9', '3096752733.98');
INSERT INTO `com_sale` VALUES ('2021', '11', '7025003680', '518093028.09', '16327036364.49', '3181469622.15');
INSERT INTO `com_sale` VALUES ('2021', '11', '71530004X9', '504034113.16', '16625941919.11', '3139804648.02');
INSERT INTO `com_sale` VALUES ('2021', '11', '7430120299', '506182660.68', '16939635625.89', '3031505744.77');
INSERT INTO `com_sale` VALUES ('2021', '11', '7430287259', '520806737.7', '16596713240.21', '3128961449.17');
INSERT INTO `com_sale` VALUES ('2021', '11', '7765904829', '494543930.9', '16574375487.58', '3264391664.98');
INSERT INTO `com_sale` VALUES ('2021', '12', '0123456789', '475876573.15', '16956139423.08', '3113305331.08');
INSERT INTO `com_sale` VALUES ('2021', '12', '1030718999', '535428503.16', '17098671092.6', '3256838253.08');
INSERT INTO `com_sale` VALUES ('2021', '12', '1244832780', '511125954.8', '17025395909.55', '3275198275.71');
INSERT INTO `com_sale` VALUES ('2021', '12', '2449764139', '490415880.27', '17041701103.07', '3298482888.45');
INSERT INTO `com_sale` VALUES ('2021', '12', '42851028X0', '523341509.48', '17013447579.91', '3393890379.54');
INSERT INTO `com_sale` VALUES ('2021', '12', '6051206979', '505919696.66', '17018825357.81', '3373518815.93');
INSERT INTO `com_sale` VALUES ('2021', '12', '7025003680', '513610065.88', '16945186870.73', '3432797510.65');
INSERT INTO `com_sale` VALUES ('2021', '12', '71530004X9', '539779068.65', '17141290098.48', '3358481984.4');
INSERT INTO `com_sale` VALUES ('2021', '12', '7430120299', '462522534.13', '17106424415.39', '3371302176.36');
INSERT INTO `com_sale` VALUES ('2021', '12', '7430287259', '503812128.82', '17201475948.52', '3298819755.46');
INSERT INTO `com_sale` VALUES ('2021', '12', '7765904829', '513219936.02', '17131022443.49', '3308071221.31');

-- ----------------------------
-- Table structure for company
-- ----------------------------
DROP TABLE IF EXISTS `company`;
CREATE TABLE `company` (
  `com_code` varchar(30) NOT NULL,
  `com_name` varchar(20) DEFAULT NULL,
  PRIMARY KEY (`com_code`)
) ENGINE=InnoDB DEFAULT CHARSET=utf8;

-- ----------------------------
-- Records of company
-- ----------------------------
INSERT INTO `company` VALUES ('0123456789', '');
INSERT INTO `company` VALUES ('1030718999', '');
INSERT INTO `company` VALUES ('1244832780', '');
INSERT INTO `company` VALUES ('2449764139', '');
INSERT INTO `company` VALUES ('42851028X0', '');
INSERT INTO `company` VALUES ('6051206979', '');
INSERT INTO `company` VALUES ('7025003680', '');
INSERT INTO `company` VALUES ('71530004X9', '');
INSERT INTO `company` VALUES ('7430120299', '');
INSERT INTO `company` VALUES ('7430287259', '');
INSERT INTO `company` VALUES ('7765904829', '');

-- ----------------------------
-- Table structure for product
-- ----------------------------
DROP TABLE IF EXISTS `product`;
CREATE TABLE `product` (
  `year` int(11) NOT NULL,
  `month` int(11) NOT NULL,
  `product_company` varchar(20) NOT NULL,
  `sale_num` int(11) DEFAULT NULL,
  PRIMARY KEY (`year`,`month`,`product_company`),
  KEY `month` (`month`),
  CONSTRAINT `product_ibfk_1` FOREIGN KEY (`year`) REFERENCES `total` (`year`),
  CONSTRAINT `product_ibfk_2` FOREIGN KEY (`month`) REFERENCES `total` (`month`)
) ENGINE=InnoDB DEFAULT CHARSET=utf8;

-- ----------------------------
-- Records of product
-- ----------------------------
INSERT INTO `product` VALUES ('2016', '1', '-', '20560');
INSERT INTO `product` VALUES ('2016', '1', '', '20336');
INSERT INTO `product` VALUES ('2016', '1', '', '20661');
INSERT INTO `product` VALUES ('2016', '1', '', '21946');
INSERT INTO `product` VALUES ('2016', '1', '', '19315');
INSERT INTO `product` VALUES ('2016', '1', '', '20604');
INSERT INTO `product` VALUES ('2016', '1', '', '20857');
INSERT INTO `product` VALUES ('2016', '1', '', '21652');
INSERT INTO `product` VALUES ('2016', '1', '', '21525');
INSERT INTO `product` VALUES ('2016', '1', '', '20511');
INSERT INTO `product` VALUES ('2016', '1', '', '21237');
INSERT INTO `product` VALUES ('2016', '2', '-', '20358');
INSERT INTO `product` VALUES ('2016', '2', '', '19498');
INSERT INTO `product` VALUES ('2016', '2', '', '20099');
INSERT INTO `product` VALUES ('2016', '2', '', '19589');
INSERT INTO `product` VALUES ('2016', '2', '', '20238');
INSERT INTO `product` VALUES ('2016', '2', '', '19505');
INSERT INTO `product` VALUES ('2016', '2', '', '19989');
INSERT INTO `product` VALUES ('2016', '2', '', '19069');
INSERT INTO `product` VALUES ('2016', '2', '', '19056');
INSERT INTO `product` VALUES ('2016', '2', '', '18630');
INSERT INTO `product` VALUES ('2016', '2', '', '20048');
INSERT INTO `product` VALUES ('2016', '3', '-', '20675');
INSERT INTO `product` VALUES ('2016', '3', '', '21762');
INSERT INTO `product` VALUES ('2016', '3', '', '19889');
INSERT INTO `product` VALUES ('2016', '3', '', '20617');
INSERT INTO `product` VALUES ('2016', '3', '', '21253');
INSERT INTO `product` VALUES ('2016', '3', '', '20955');
INSERT INTO `product` VALUES ('2016', '3', '', '19526');
INSERT INTO `product` VALUES ('2016', '3', '', '18709');
INSERT INTO `product` VALUES ('2016', '3', '', '20811');
INSERT INTO `product` VALUES ('2016', '3', '', '20472');
INSERT INTO `product` VALUES ('2016', '3', '', '21278');
INSERT INTO `product` VALUES ('2016', '4', '-', '19778');
INSERT INTO `product` VALUES ('2016', '4', '', '19897');
INSERT INTO `product` VALUES ('2016', '4', '', '19620');
INSERT INTO `product` VALUES ('2016', '4', '', '20221');
INSERT INTO `product` VALUES ('2016', '4', '', '19760');
INSERT INTO `product` VALUES ('2016', '4', '', '20569');
INSERT INTO `product` VALUES ('2016', '4', '', '19538');
INSERT INTO `product` VALUES ('2016', '4', '', '21086');
INSERT INTO `product` VALUES ('2016', '4', '', '20446');
INSERT INTO `product` VALUES ('2016', '4', '', '20064');
INSERT INTO `product` VALUES ('2016', '4', '', '20299');
INSERT INTO `product` VALUES ('2016', '5', '-', '22141');
INSERT INTO `product` VALUES ('2016', '5', '', '20238');
INSERT INTO `product` VALUES ('2016', '5', '', '20749');
INSERT INTO `product` VALUES ('2016', '5', '', '21239');
INSERT INTO `product` VALUES ('2016', '5', '', '21758');
INSERT INTO `product` VALUES ('2016', '5', '', '20646');
INSERT INTO `product` VALUES ('2016', '5', '', '21199');
INSERT INTO `product` VALUES ('2016', '5', '', '20945');
INSERT INTO `product` VALUES ('2016', '5', '', '22246');
INSERT INTO `product` VALUES ('2016', '5', '', '21460');
INSERT INTO `product` VALUES ('2016', '5', '', '20437');
INSERT INTO `product` VALUES ('2016', '6', '-', '20363');
INSERT INTO `product` VALUES ('2016', '6', '', '20386');
INSERT INTO `product` VALUES ('2016', '6', '', '21070');
INSERT INTO `product` VALUES ('2016', '6', '', '20043');
INSERT INTO `product` VALUES ('2016', '6', '', '20583');
INSERT INTO `product` VALUES ('2016', '6', '', '19685');
INSERT INTO `product` VALUES ('2016', '6', '', '19788');
INSERT INTO `product` VALUES ('2016', '6', '', '19912');
INSERT INTO `product` VALUES ('2016', '6', '', '19019');
INSERT INTO `product` VALUES ('2016', '6', '', '18018');
INSERT INTO `product` VALUES ('2016', '6', '', '21385');
INSERT INTO `product` VALUES ('2016', '7', '-', '21374');
INSERT INTO `product` VALUES ('2016', '7', '', '21236');
INSERT INTO `product` VALUES ('2016', '7', '', '21481');
INSERT INTO `product` VALUES ('2016', '7', '', '20698');
INSERT INTO `product` VALUES ('2016', '7', '', '20099');
INSERT INTO `product` VALUES ('2016', '7', '', '21015');
INSERT INTO `product` VALUES ('2016', '7', '', '20440');
INSERT INTO `product` VALUES ('2016', '7', '', '22170');
INSERT INTO `product` VALUES ('2016', '7', '', '20669');
INSERT INTO `product` VALUES ('2016', '7', '', '21378');
INSERT INTO `product` VALUES ('2016', '7', '', '20447');
INSERT INTO `product` VALUES ('2016', '8', '-', '20559');
INSERT INTO `product` VALUES ('2016', '8', '', '21085');
INSERT INTO `product` VALUES ('2016', '8', '', '21726');
INSERT INTO `product` VALUES ('2016', '8', '', '20895');
INSERT INTO `product` VALUES ('2016', '8', '', '21549');
INSERT INTO `product` VALUES ('2016', '8', '', '22161');
INSERT INTO `product` VALUES ('2016', '8', '', '19972');
INSERT INTO `product` VALUES ('2016', '8', '', '21536');
INSERT INTO `product` VALUES ('2016', '8', '', '19355');
INSERT INTO `product` VALUES ('2016', '8', '', '21412');
INSERT INTO `product` VALUES ('2016', '8', '', '20893');
INSERT INTO `product` VALUES ('2016', '9', '-', '19649');
INSERT INTO `product` VALUES ('2016', '9', '', '20719');
INSERT INTO `product` VALUES ('2016', '9', '', '21138');
INSERT INTO `product` VALUES ('2016', '9', '', '19912');
INSERT INTO `product` VALUES ('2016', '9', '', '20522');
INSERT INTO `product` VALUES ('2016', '9', '', '20523');
INSERT INTO `product` VALUES ('2016', '9', '', '20453');
INSERT INTO `product` VALUES ('2016', '9', '', '18908');
INSERT INTO `product` VALUES ('2016', '9', '', '21031');
INSERT INTO `product` VALUES ('2016', '9', '', '19684');
INSERT INTO `product` VALUES ('2016', '9', '', '20775');
INSERT INTO `product` VALUES ('2016', '10', '-', '20699');
INSERT INTO `product` VALUES ('2016', '10', '', '19775');
INSERT INTO `product` VALUES ('2016', '10', '', '19790');
INSERT INTO `product` VALUES ('2016', '10', '', '20575');
INSERT INTO `product` VALUES ('2016', '10', '', '21448');
INSERT INTO `product` VALUES ('2016', '10', '', '20631');
INSERT INTO `product` VALUES ('2016', '10', '', '21878');
INSERT INTO `product` VALUES ('2016', '10', '', '20484');
INSERT INTO `product` VALUES ('2016', '10', '', '20882');
INSERT INTO `product` VALUES ('2016', '10', '', '21705');
INSERT INTO `product` VALUES ('2016', '10', '', '21212');
INSERT INTO `product` VALUES ('2016', '11', '-', '20003');
INSERT INTO `product` VALUES ('2016', '11', '', '20782');
INSERT INTO `product` VALUES ('2016', '11', '', '20435');
INSERT INTO `product` VALUES ('2016', '11', '', '18264');
INSERT INTO `product` VALUES ('2016', '11', '', '20790');
INSERT INTO `product` VALUES ('2016', '11', '', '18999');
INSERT INTO `product` VALUES ('2016', '11', '', '20515');
INSERT INTO `product` VALUES ('2016', '11', '', '20025');
INSERT INTO `product` VALUES ('2016', '11', '', '21062');
INSERT INTO `product` VALUES ('2016', '11', '', '21429');
INSERT INTO `product` VALUES ('2016', '11', '', '19752');
INSERT INTO `product` VALUES ('2016', '12', '-', '21253');
INSERT INTO `product` VALUES ('2016', '12', '', '20546');
INSERT INTO `product` VALUES ('2016', '12', '', '21089');
INSERT INTO `product` VALUES ('2016', '12', '', '20768');
INSERT INTO `product` VALUES ('2016', '12', '', '20101');
INSERT INTO `product` VALUES ('2016', '12', '', '20453');
INSERT INTO `product` VALUES ('2016', '12', '', '21766');
INSERT INTO `product` VALUES ('2016', '12', '', '20584');
INSERT INTO `product` VALUES ('2016', '12', '', '20494');
INSERT INTO `product` VALUES ('2016', '12', '', '21036');
INSERT INTO `product` VALUES ('2016', '12', '', '21329');
INSERT INTO `product` VALUES ('2017', '1', '-', '20869');
INSERT INTO `product` VALUES ('2017', '1', '', '21277');
INSERT INTO `product` VALUES ('2017', '1', '', '21335');
INSERT INTO `product` VALUES ('2017', '1', '', '21178');
INSERT INTO `product` VALUES ('2017', '1', '', '20692');
INSERT INTO `product` VALUES ('2017', '1', '', '20108');
INSERT INTO `product` VALUES ('2017', '1', '', '19711');
INSERT INTO `product` VALUES ('2017', '1', '', '19108');
INSERT INTO `product` VALUES ('2017', '1', '', '21179');
INSERT INTO `product` VALUES ('2017', '1', '', '20790');
INSERT INTO `product` VALUES ('2017', '1', '', '20105');
INSERT INTO `product` VALUES ('2017', '2', '-', '19518');
INSERT INTO `product` VALUES ('2017', '2', '', '20220');
INSERT INTO `product` VALUES ('2017', '2', '', '19316');
INSERT INTO `product` VALUES ('2017', '2', '', '18532');
INSERT INTO `product` VALUES ('2017', '2', '', '20748');
INSERT INTO `product` VALUES ('2017', '2', '', '19534');
INSERT INTO `product` VALUES ('2017', '2', '', '18436');
INSERT INTO `product` VALUES ('2017', '2', '', '18663');
INSERT INTO `product` VALUES ('2017', '2', '', '18118');
INSERT INTO `product` VALUES ('2017', '2', '', '19237');
INSERT INTO `product` VALUES ('2017', '2', '', '18260');
INSERT INTO `product` VALUES ('2017', '3', '-', '20381');
INSERT INTO `product` VALUES ('2017', '3', '', '20966');
INSERT INTO `product` VALUES ('2017', '3', '', '21130');
INSERT INTO `product` VALUES ('2017', '3', '', '20959');
INSERT INTO `product` VALUES ('2017', '3', '', '20604');
INSERT INTO `product` VALUES ('2017', '3', '', '21062');
INSERT INTO `product` VALUES ('2017', '3', '', '21306');
INSERT INTO `product` VALUES ('2017', '3', '', '22853');
INSERT INTO `product` VALUES ('2017', '3', '', '19734');
INSERT INTO `product` VALUES ('2017', '3', '', '22020');
INSERT INTO `product` VALUES ('2017', '3', '', '20743');
INSERT INTO `product` VALUES ('2017', '4', '-', '20146');
INSERT INTO `product` VALUES ('2017', '4', '', '21315');
INSERT INTO `product` VALUES ('2017', '4', '', '20833');
INSERT INTO `product` VALUES ('2017', '4', '', '20202');
INSERT INTO `product` VALUES ('2017', '4', '', '21606');
INSERT INTO `product` VALUES ('2017', '4', '', '19522');
INSERT INTO `product` VALUES ('2017', '4', '', '20895');
INSERT INTO `product` VALUES ('2017', '4', '', '20179');
INSERT INTO `product` VALUES ('2017', '4', '', '19642');
INSERT INTO `product` VALUES ('2017', '4', '', '20833');
INSERT INTO `product` VALUES ('2017', '4', '', '19962');
INSERT INTO `product` VALUES ('2017', '5', '-', '21486');
INSERT INTO `product` VALUES ('2017', '5', '', '20717');
INSERT INTO `product` VALUES ('2017', '5', '', '21757');
INSERT INTO `product` VALUES ('2017', '5', '', '21083');
INSERT INTO `product` VALUES ('2017', '5', '', '21554');
INSERT INTO `product` VALUES ('2017', '5', '', '23079');
INSERT INTO `product` VALUES ('2017', '5', '', '21888');
INSERT INTO `product` VALUES ('2017', '5', '', '20159');
INSERT INTO `product` VALUES ('2017', '5', '', '21578');
INSERT INTO `product` VALUES ('2017', '5', '', '20632');
INSERT INTO `product` VALUES ('2017', '5', '', '20568');
INSERT INTO `product` VALUES ('2017', '6', '-', '20144');
INSERT INTO `product` VALUES ('2017', '6', '', '19695');
INSERT INTO `product` VALUES ('2017', '6', '', '20852');
INSERT INTO `product` VALUES ('2017', '6', '', '20009');
INSERT INTO `product` VALUES ('2017', '6', '', '20021');
INSERT INTO `product` VALUES ('2017', '6', '', '19835');
INSERT INTO `product` VALUES ('2017', '6', '', '19951');
INSERT INTO `product` VALUES ('2017', '6', '', '20360');
INSERT INTO `product` VALUES ('2017', '6', '', '20197');
INSERT INTO `product` VALUES ('2017', '6', '', '21478');
INSERT INTO `product` VALUES ('2017', '6', '', '20179');
INSERT INTO `product` VALUES ('2017', '7', '-', '21124');
INSERT INTO `product` VALUES ('2017', '7', '', '21977');
INSERT INTO `product` VALUES ('2017', '7', '', '20662');
INSERT INTO `product` VALUES ('2017', '7', '', '20494');
INSERT INTO `product` VALUES ('2017', '7', '', '20119');
INSERT INTO `product` VALUES ('2017', '7', '', '21146');
INSERT INTO `product` VALUES ('2017', '7', '', '21091');
INSERT INTO `product` VALUES ('2017', '7', '', '19863');
INSERT INTO `product` VALUES ('2017', '7', '', '21554');
INSERT INTO `product` VALUES ('2017', '7', '', '21251');
INSERT INTO `product` VALUES ('2017', '7', '', '22529');
INSERT INTO `product` VALUES ('2017', '8', '-', '20751');
INSERT INTO `product` VALUES ('2017', '8', '', '21905');
INSERT INTO `product` VALUES ('2017', '8', '', '20904');
INSERT INTO `product` VALUES ('2017', '8', '', '20878');
INSERT INTO `product` VALUES ('2017', '8', '', '19718');
INSERT INTO `product` VALUES ('2017', '8', '', '20115');
INSERT INTO `product` VALUES ('2017', '8', '', '19412');
INSERT INTO `product` VALUES ('2017', '8', '', '20984');
INSERT INTO `product` VALUES ('2017', '8', '', '19767');
INSERT INTO `product` VALUES ('2017', '8', '', '19925');
INSERT INTO `product` VALUES ('2017', '8', '', '20812');
INSERT INTO `product` VALUES ('2017', '9', '-', '20751');
INSERT INTO `product` VALUES ('2017', '9', '', '20750');
INSERT INTO `product` VALUES ('2017', '9', '', '20731');
INSERT INTO `product` VALUES ('2017', '9', '', '20146');
INSERT INTO `product` VALUES ('2017', '9', '', '20705');
INSERT INTO `product` VALUES ('2017', '9', '', '19650');
INSERT INTO `product` VALUES ('2017', '9', '', '19055');
INSERT INTO `product` VALUES ('2017', '9', '', '19754');
INSERT INTO `product` VALUES ('2017', '9', '', '20228');
INSERT INTO `product` VALUES ('2017', '9', '', '20904');
INSERT INTO `product` VALUES ('2017', '9', '', '20526');
INSERT INTO `product` VALUES ('2017', '10', '-', '20400');
INSERT INTO `product` VALUES ('2017', '10', '', '21565');
INSERT INTO `product` VALUES ('2017', '10', '', '21828');
INSERT INTO `product` VALUES ('2017', '10', '', '20572');
INSERT INTO `product` VALUES ('2017', '10', '', '20979');
INSERT INTO `product` VALUES ('2017', '10', '', '18896');
INSERT INTO `product` VALUES ('2017', '10', '', '20322');
INSERT INTO `product` VALUES ('2017', '10', '', '21328');
INSERT INTO `product` VALUES ('2017', '10', '', '21174');
INSERT INTO `product` VALUES ('2017', '10', '', '21331');
INSERT INTO `product` VALUES ('2017', '10', '', '20220');
INSERT INTO `product` VALUES ('2017', '11', '-', '20051');
INSERT INTO `product` VALUES ('2017', '11', '', '19159');
INSERT INTO `product` VALUES ('2017', '11', '', '20036');
INSERT INTO `product` VALUES ('2017', '11', '', '19404');
INSERT INTO `product` VALUES ('2017', '11', '', '20401');
INSERT INTO `product` VALUES ('2017', '11', '', '20079');
INSERT INTO `product` VALUES ('2017', '11', '', '20275');
INSERT INTO `product` VALUES ('2017', '11', '', '19577');
INSERT INTO `product` VALUES ('2017', '11', '', '19561');
INSERT INTO `product` VALUES ('2017', '11', '', '19827');
INSERT INTO `product` VALUES ('2017', '11', '', '21337');
INSERT INTO `product` VALUES ('2017', '12', '-', '20392');
INSERT INTO `product` VALUES ('2017', '12', '', '21888');
INSERT INTO `product` VALUES ('2017', '12', '', '19879');
INSERT INTO `product` VALUES ('2017', '12', '', '19813');
INSERT INTO `product` VALUES ('2017', '12', '', '19973');
INSERT INTO `product` VALUES ('2017', '12', '', '20962');
INSERT INTO `product` VALUES ('2017', '12', '', '20483');
INSERT INTO `product` VALUES ('2017', '12', '', '20554');
INSERT INTO `product` VALUES ('2017', '12', '', '20732');
INSERT INTO `product` VALUES ('2017', '12', '', '21098');
INSERT INTO `product` VALUES ('2017', '12', '', '21577');
INSERT INTO `product` VALUES ('2018', '1', '-', '22015');
INSERT INTO `product` VALUES ('2018', '1', '', '20909');
INSERT INTO `product` VALUES ('2018', '1', '', '20887');
INSERT INTO `product` VALUES ('2018', '1', '', '20226');
INSERT INTO `product` VALUES ('2018', '1', '', '20276');
INSERT INTO `product` VALUES ('2018', '1', '', '21757');
INSERT INTO `product` VALUES ('2018', '1', '', '21153');
INSERT INTO `product` VALUES ('2018', '1', '', '20872');
INSERT INTO `product` VALUES ('2018', '1', '', '22148');
INSERT INTO `product` VALUES ('2018', '1', '', '20040');
INSERT INTO `product` VALUES ('2018', '1', '', '21214');
INSERT INTO `product` VALUES ('2018', '2', '-', '18780');
INSERT INTO `product` VALUES ('2018', '2', '', '19497');
INSERT INTO `product` VALUES ('2018', '2', '', '18553');
INSERT INTO `product` VALUES ('2018', '2', '', '20020');
INSERT INTO `product` VALUES ('2018', '2', '', '19053');
INSERT INTO `product` VALUES ('2018', '2', '', '18826');
INSERT INTO `product` VALUES ('2018', '2', '', '19164');
INSERT INTO `product` VALUES ('2018', '2', '', '18083');
INSERT INTO `product` VALUES ('2018', '2', '', '17958');
INSERT INTO `product` VALUES ('2018', '2', '', '18894');
INSERT INTO `product` VALUES ('2018', '2', '', '18356');
INSERT INTO `product` VALUES ('2018', '3', '-', '20039');
INSERT INTO `product` VALUES ('2018', '3', '', '21647');
INSERT INTO `product` VALUES ('2018', '3', '', '22238');
INSERT INTO `product` VALUES ('2018', '3', '', '19864');
INSERT INTO `product` VALUES ('2018', '3', '', '20188');
INSERT INTO `product` VALUES ('2018', '3', '', '21707');
INSERT INTO `product` VALUES ('2018', '3', '', '20035');
INSERT INTO `product` VALUES ('2018', '3', '', '20658');
INSERT INTO `product` VALUES ('2018', '3', '', '20370');
INSERT INTO `product` VALUES ('2018', '3', '', '20608');
INSERT INTO `product` VALUES ('2018', '3', '', '20505');
INSERT INTO `product` VALUES ('2018', '4', '-', '20853');
INSERT INTO `product` VALUES ('2018', '4', '', '19921');
INSERT INTO `product` VALUES ('2018', '4', '', '19602');
INSERT INTO `product` VALUES ('2018', '4', '', '20229');
INSERT INTO `product` VALUES ('2018', '4', '', '21434');
INSERT INTO `product` VALUES ('2018', '4', '', '19371');
INSERT INTO `product` VALUES ('2018', '4', '', '20691');
INSERT INTO `product` VALUES ('2018', '4', '', '20716');
INSERT INTO `product` VALUES ('2018', '4', '', '21214');
INSERT INTO `product` VALUES ('2018', '4', '', '19594');
INSERT INTO `product` VALUES ('2018', '4', '', '18702');
INSERT INTO `product` VALUES ('2018', '5', '-', '21230');
INSERT INTO `product` VALUES ('2018', '5', '', '21437');
INSERT INTO `product` VALUES ('2018', '5', '', '21054');
INSERT INTO `product` VALUES ('2018', '5', '', '22100');
INSERT INTO `product` VALUES ('2018', '5', '', '21049');
INSERT INTO `product` VALUES ('2018', '5', '', '21371');
INSERT INTO `product` VALUES ('2018', '5', '', '20460');
INSERT INTO `product` VALUES ('2018', '5', '', '21480');
INSERT INTO `product` VALUES ('2018', '5', '', '21940');
INSERT INTO `product` VALUES ('2018', '5', '', '20176');
INSERT INTO `product` VALUES ('2018', '5', '', '20226');
INSERT INTO `product` VALUES ('2018', '6', '-', '19974');
INSERT INTO `product` VALUES ('2018', '6', '', '20963');
INSERT INTO `product` VALUES ('2018', '6', '', '20067');
INSERT INTO `product` VALUES ('2018', '6', '', '19926');
INSERT INTO `product` VALUES ('2018', '6', '', '18911');
INSERT INTO `product` VALUES ('2018', '6', '', '19291');
INSERT INTO `product` VALUES ('2018', '6', '', '20406');
INSERT INTO `product` VALUES ('2018', '6', '', '19943');
INSERT INTO `product` VALUES ('2018', '6', '', '20721');
INSERT INTO `product` VALUES ('2018', '6', '', '20646');
INSERT INTO `product` VALUES ('2018', '6', '', '20107');
INSERT INTO `product` VALUES ('2018', '7', '-', '20407');
INSERT INTO `product` VALUES ('2018', '7', '', '21235');
INSERT INTO `product` VALUES ('2018', '7', '', '20960');
INSERT INTO `product` VALUES ('2018', '7', '', '21444');
INSERT INTO `product` VALUES ('2018', '7', '', '20658');
INSERT INTO `product` VALUES ('2018', '7', '', '21661');
INSERT INTO `product` VALUES ('2018', '7', '', '20683');
INSERT INTO `product` VALUES ('2018', '7', '', '20177');
INSERT INTO `product` VALUES ('2018', '7', '', '21397');
INSERT INTO `product` VALUES ('2018', '7', '', '20692');
INSERT INTO `product` VALUES ('2018', '7', '', '21177');
INSERT INTO `product` VALUES ('2018', '8', '-', '21117');
INSERT INTO `product` VALUES ('2018', '8', '', '22281');
INSERT INTO `product` VALUES ('2018', '8', '', '21067');
INSERT INTO `product` VALUES ('2018', '8', '', '19751');
INSERT INTO `product` VALUES ('2018', '8', '', '22629');
INSERT INTO `product` VALUES ('2018', '8', '', '20936');
INSERT INTO `product` VALUES ('2018', '8', '', '20766');
INSERT INTO `product` VALUES ('2018', '8', '', '21207');
INSERT INTO `product` VALUES ('2018', '8', '', '21996');
INSERT INTO `product` VALUES ('2018', '8', '', '21021');
INSERT INTO `product` VALUES ('2018', '8', '', '21040');
INSERT INTO `product` VALUES ('2018', '9', '-', '21692');
INSERT INTO `product` VALUES ('2018', '9', '', '20054');
INSERT INTO `product` VALUES ('2018', '9', '', '20364');
INSERT INTO `product` VALUES ('2018', '9', '', '20147');
INSERT INTO `product` VALUES ('2018', '9', '', '20690');
INSERT INTO `product` VALUES ('2018', '9', '', '20159');
INSERT INTO `product` VALUES ('2018', '9', '', '21065');
INSERT INTO `product` VALUES ('2018', '9', '', '19974');
INSERT INTO `product` VALUES ('2018', '9', '', '20677');
INSERT INTO `product` VALUES ('2018', '9', '', '19983');
INSERT INTO `product` VALUES ('2018', '9', '', '21461');
INSERT INTO `product` VALUES ('2018', '10', '-', '21907');
INSERT INTO `product` VALUES ('2018', '10', '', '21764');
INSERT INTO `product` VALUES ('2018', '10', '', '21686');
INSERT INTO `product` VALUES ('2018', '10', '', '20103');
INSERT INTO `product` VALUES ('2018', '10', '', '21825');
INSERT INTO `product` VALUES ('2018', '10', '', '21275');
INSERT INTO `product` VALUES ('2018', '10', '', '20536');
INSERT INTO `product` VALUES ('2018', '10', '', '20776');
INSERT INTO `product` VALUES ('2018', '10', '', '20469');
INSERT INTO `product` VALUES ('2018', '10', '', '21446');
INSERT INTO `product` VALUES ('2018', '10', '', '20765');
INSERT INTO `product` VALUES ('2018', '11', '-', '20595');
INSERT INTO `product` VALUES ('2018', '11', '', '19673');
INSERT INTO `product` VALUES ('2018', '11', '', '20262');
INSERT INTO `product` VALUES ('2018', '11', '', '21635');
INSERT INTO `product` VALUES ('2018', '11', '', '20674');
INSERT INTO `product` VALUES ('2018', '11', '', '20708');
INSERT INTO `product` VALUES ('2018', '11', '', '20339');
INSERT INTO `product` VALUES ('2018', '11', '', '20821');
INSERT INTO `product` VALUES ('2018', '11', '', '19497');
INSERT INTO `product` VALUES ('2018', '11', '', '20495');
INSERT INTO `product` VALUES ('2018', '11', '', '20637');
INSERT INTO `product` VALUES ('2018', '12', '-', '19394');
INSERT INTO `product` VALUES ('2018', '12', '', '20790');
INSERT INTO `product` VALUES ('2018', '12', '', '20424');
INSERT INTO `product` VALUES ('2018', '12', '', '20977');
INSERT INTO `product` VALUES ('2018', '12', '', '21353');
INSERT INTO `product` VALUES ('2018', '12', '', '20474');
INSERT INTO `product` VALUES ('2018', '12', '', '21412');
INSERT INTO `product` VALUES ('2018', '12', '', '20465');
INSERT INTO `product` VALUES ('2018', '12', '', '22630');
INSERT INTO `product` VALUES ('2018', '12', '', '20366');
INSERT INTO `product` VALUES ('2018', '12', '', '20768');
INSERT INTO `product` VALUES ('2019', '1', '-', '19807');
INSERT INTO `product` VALUES ('2019', '1', '', '19857');
INSERT INTO `product` VALUES ('2019', '1', '', '20741');
INSERT INTO `product` VALUES ('2019', '1', '', '21582');
INSERT INTO `product` VALUES ('2019', '1', '', '20939');
INSERT INTO `product` VALUES ('2019', '1', '', '19369');
INSERT INTO `product` VALUES ('2019', '1', '', '20959');
INSERT INTO `product` VALUES ('2019', '1', '', '21644');
INSERT INTO `product` VALUES ('2019', '1', '', '22065');
INSERT INTO `product` VALUES ('2019', '1', '', '21952');
INSERT INTO `product` VALUES ('2019', '1', '', '20200');
INSERT INTO `product` VALUES ('2019', '2', '-', '18717');
INSERT INTO `product` VALUES ('2019', '2', '', '18913');
INSERT INTO `product` VALUES ('2019', '2', '', '20076');
INSERT INTO `product` VALUES ('2019', '2', '', '18205');
INSERT INTO `product` VALUES ('2019', '2', '', '19272');
INSERT INTO `product` VALUES ('2019', '2', '', '19276');
INSERT INTO `product` VALUES ('2019', '2', '', '19125');
INSERT INTO `product` VALUES ('2019', '2', '', '18926');
INSERT INTO `product` VALUES ('2019', '2', '', '19689');
INSERT INTO `product` VALUES ('2019', '2', '', '19129');
INSERT INTO `product` VALUES ('2019', '2', '', '18706');
INSERT INTO `product` VALUES ('2019', '3', '-', '20631');
INSERT INTO `product` VALUES ('2019', '3', '', '21168');
INSERT INTO `product` VALUES ('2019', '3', '', '21055');
INSERT INTO `product` VALUES ('2019', '3', '', '21216');
INSERT INTO `product` VALUES ('2019', '3', '', '20350');
INSERT INTO `product` VALUES ('2019', '3', '', '22074');
INSERT INTO `product` VALUES ('2019', '3', '', '19868');
INSERT INTO `product` VALUES ('2019', '3', '', '21058');
INSERT INTO `product` VALUES ('2019', '3', '', '20239');
INSERT INTO `product` VALUES ('2019', '3', '', '21370');
INSERT INTO `product` VALUES ('2019', '3', '', '21618');
INSERT INTO `product` VALUES ('2019', '4', '-', '19583');
INSERT INTO `product` VALUES ('2019', '4', '', '20209');
INSERT INTO `product` VALUES ('2019', '4', '', '20505');
INSERT INTO `product` VALUES ('2019', '4', '', '20243');
INSERT INTO `product` VALUES ('2019', '4', '', '20641');
INSERT INTO `product` VALUES ('2019', '4', '', '19118');
INSERT INTO `product` VALUES ('2019', '4', '', '20158');
INSERT INTO `product` VALUES ('2019', '4', '', '19383');
INSERT INTO `product` VALUES ('2019', '4', '', '19593');
INSERT INTO `product` VALUES ('2019', '4', '', '19645');
INSERT INTO `product` VALUES ('2019', '4', '', '19611');
INSERT INTO `product` VALUES ('2019', '5', '-', '21216');
INSERT INTO `product` VALUES ('2019', '5', '', '21273');
INSERT INTO `product` VALUES ('2019', '5', '', '19990');
INSERT INTO `product` VALUES ('2019', '5', '', '19956');
INSERT INTO `product` VALUES ('2019', '5', '', '21070');
INSERT INTO `product` VALUES ('2019', '5', '', '20327');
INSERT INTO `product` VALUES ('2019', '5', '', '21907');
INSERT INTO `product` VALUES ('2019', '5', '', '19614');
INSERT INTO `product` VALUES ('2019', '5', '', '19731');
INSERT INTO `product` VALUES ('2019', '5', '', '21365');
INSERT INTO `product` VALUES ('2019', '5', '', '21241');
INSERT INTO `product` VALUES ('2019', '6', '-', '19016');
INSERT INTO `product` VALUES ('2019', '6', '', '19603');
INSERT INTO `product` VALUES ('2019', '6', '', '20007');
INSERT INTO `product` VALUES ('2019', '6', '', '20210');
INSERT INTO `product` VALUES ('2019', '6', '', '20195');
INSERT INTO `product` VALUES ('2019', '6', '', '20124');
INSERT INTO `product` VALUES ('2019', '6', '', '19180');
INSERT INTO `product` VALUES ('2019', '6', '', '20892');
INSERT INTO `product` VALUES ('2019', '6', '', '19639');
INSERT INTO `product` VALUES ('2019', '6', '', '21152');
INSERT INTO `product` VALUES ('2019', '6', '', '19922');
INSERT INTO `product` VALUES ('2019', '7', '-', '20978');
INSERT INTO `product` VALUES ('2019', '7', '', '19935');
INSERT INTO `product` VALUES ('2019', '7', '', '22306');
INSERT INTO `product` VALUES ('2019', '7', '', '20793');
INSERT INTO `product` VALUES ('2019', '7', '', '19975');
INSERT INTO `product` VALUES ('2019', '7', '', '20788');
INSERT INTO `product` VALUES ('2019', '7', '', '20551');
INSERT INTO `product` VALUES ('2019', '7', '', '20602');
INSERT INTO `product` VALUES ('2019', '7', '', '21767');
INSERT INTO `product` VALUES ('2019', '7', '', '19552');
INSERT INTO `product` VALUES ('2019', '7', '', '21398');
INSERT INTO `product` VALUES ('2019', '8', '-', '20185');
INSERT INTO `product` VALUES ('2019', '8', '', '20852');
INSERT INTO `product` VALUES ('2019', '8', '', '20531');
INSERT INTO `product` VALUES ('2019', '8', '', '19700');
INSERT INTO `product` VALUES ('2019', '8', '', '21038');
INSERT INTO `product` VALUES ('2019', '8', '', '19807');
INSERT INTO `product` VALUES ('2019', '8', '', '20191');
INSERT INTO `product` VALUES ('2019', '8', '', '21534');
INSERT INTO `product` VALUES ('2019', '8', '', '21291');
INSERT INTO `product` VALUES ('2019', '8', '', '22087');
INSERT INTO `product` VALUES ('2019', '8', '', '21859');
INSERT INTO `product` VALUES ('2019', '9', '-', '20167');
INSERT INTO `product` VALUES ('2019', '9', '', '20221');
INSERT INTO `product` VALUES ('2019', '9', '', '19554');
INSERT INTO `product` VALUES ('2019', '9', '', '19469');
INSERT INTO `product` VALUES ('2019', '9', '', '19860');
INSERT INTO `product` VALUES ('2019', '9', '', '20004');
INSERT INTO `product` VALUES ('2019', '9', '', '21623');
INSERT INTO `product` VALUES ('2019', '9', '', '19679');
INSERT INTO `product` VALUES ('2019', '9', '', '20042');
INSERT INTO `product` VALUES ('2019', '9', '', '19510');
INSERT INTO `product` VALUES ('2019', '9', '', '20519');
INSERT INTO `product` VALUES ('2019', '10', '-', '20764');
INSERT INTO `product` VALUES ('2019', '10', '', '21633');
INSERT INTO `product` VALUES ('2019', '10', '', '20560');
INSERT INTO `product` VALUES ('2019', '10', '', '21055');
INSERT INTO `product` VALUES ('2019', '10', '', '20648');
INSERT INTO `product` VALUES ('2019', '10', '', '20661');
INSERT INTO `product` VALUES ('2019', '10', '', '22475');
INSERT INTO `product` VALUES ('2019', '10', '', '21724');
INSERT INTO `product` VALUES ('2019', '10', '', '20242');
INSERT INTO `product` VALUES ('2019', '10', '', '21111');
INSERT INTO `product` VALUES ('2019', '10', '', '21025');
INSERT INTO `product` VALUES ('2019', '11', '-', '18980');
INSERT INTO `product` VALUES ('2019', '11', '', '20098');
INSERT INTO `product` VALUES ('2019', '11', '', '20886');
INSERT INTO `product` VALUES ('2019', '11', '', '19849');
INSERT INTO `product` VALUES ('2019', '11', '', '19824');
INSERT INTO `product` VALUES ('2019', '11', '', '20397');
INSERT INTO `product` VALUES ('2019', '11', '', '20438');
INSERT INTO `product` VALUES ('2019', '11', '', '19591');
INSERT INTO `product` VALUES ('2019', '11', '', '21808');
INSERT INTO `product` VALUES ('2019', '11', '', '19313');
INSERT INTO `product` VALUES ('2019', '11', '', '20736');
INSERT INTO `product` VALUES ('2019', '12', '-', '21659');
INSERT INTO `product` VALUES ('2019', '12', '', '21032');
INSERT INTO `product` VALUES ('2019', '12', '', '20992');
INSERT INTO `product` VALUES ('2019', '12', '', '19490');
INSERT INTO `product` VALUES ('2019', '12', '', '20512');
INSERT INTO `product` VALUES ('2019', '12', '', '20444');
INSERT INTO `product` VALUES ('2019', '12', '', '21346');
INSERT INTO `product` VALUES ('2019', '12', '', '20950');
INSERT INTO `product` VALUES ('2019', '12', '', '20560');
INSERT INTO `product` VALUES ('2019', '12', '', '20296');
INSERT INTO `product` VALUES ('2019', '12', '', '21302');
INSERT INTO `product` VALUES ('2020', '1', '-', '21132');
INSERT INTO `product` VALUES ('2020', '1', '', '21079');
INSERT INTO `product` VALUES ('2020', '1', '', '21179');
INSERT INTO `product` VALUES ('2020', '1', '', '20251');
INSERT INTO `product` VALUES ('2020', '1', '', '21433');
INSERT INTO `product` VALUES ('2020', '1', '', '22091');
INSERT INTO `product` VALUES ('2020', '1', '', '21190');
INSERT INTO `product` VALUES ('2020', '1', '', '21291');
INSERT INTO `product` VALUES ('2020', '1', '', '22316');
INSERT INTO `product` VALUES ('2020', '1', '', '21555');
INSERT INTO `product` VALUES ('2020', '1', '', '20733');
INSERT INTO `product` VALUES ('2020', '2', '-', '18172');
INSERT INTO `product` VALUES ('2020', '2', '', '18601');
INSERT INTO `product` VALUES ('2020', '2', '', '20025');
INSERT INTO `product` VALUES ('2020', '2', '', '19339');
INSERT INTO `product` VALUES ('2020', '2', '', '18805');
INSERT INTO `product` VALUES ('2020', '2', '', '18901');
INSERT INTO `product` VALUES ('2020', '2', '', '19598');
INSERT INTO `product` VALUES ('2020', '2', '', '18944');
INSERT INTO `product` VALUES ('2020', '2', '', '19515');
INSERT INTO `product` VALUES ('2020', '2', '', '20281');
INSERT INTO `product` VALUES ('2020', '2', '', '20797');
INSERT INTO `product` VALUES ('2020', '3', '-', '20394');
INSERT INTO `product` VALUES ('2020', '3', '', '20157');
INSERT INTO `product` VALUES ('2020', '3', '', '20524');
INSERT INTO `product` VALUES ('2020', '3', '', '19989');
INSERT INTO `product` VALUES ('2020', '3', '', '20145');
INSERT INTO `product` VALUES ('2020', '3', '', '20800');
INSERT INTO `product` VALUES ('2020', '3', '', '21708');
INSERT INTO `product` VALUES ('2020', '3', '', '19959');
INSERT INTO `product` VALUES ('2020', '3', '', '21039');
INSERT INTO `product` VALUES ('2020', '3', '', '20261');
INSERT INTO `product` VALUES ('2020', '3', '', '22211');
INSERT INTO `product` VALUES ('2020', '4', '-', '20219');
INSERT INTO `product` VALUES ('2020', '4', '', '18838');
INSERT INTO `product` VALUES ('2020', '4', '', '20858');
INSERT INTO `product` VALUES ('2020', '4', '', '20609');
INSERT INTO `product` VALUES ('2020', '4', '', '19953');
INSERT INTO `product` VALUES ('2020', '4', '', '20045');
INSERT INTO `product` VALUES ('2020', '4', '', '20383');
INSERT INTO `product` VALUES ('2020', '4', '', '20237');
INSERT INTO `product` VALUES ('2020', '4', '', '21097');
INSERT INTO `product` VALUES ('2020', '4', '', '19579');
INSERT INTO `product` VALUES ('2020', '4', '', '18308');
INSERT INTO `product` VALUES ('2020', '5', '-', '20395');
INSERT INTO `product` VALUES ('2020', '5', '', '21584');
INSERT INTO `product` VALUES ('2020', '5', '', '22228');
INSERT INTO `product` VALUES ('2020', '5', '', '20216');
INSERT INTO `product` VALUES ('2020', '5', '', '21053');
INSERT INTO `product` VALUES ('2020', '5', '', '21412');
INSERT INTO `product` VALUES ('2020', '5', '', '21717');
INSERT INTO `product` VALUES ('2020', '5', '', '20513');
INSERT INTO `product` VALUES ('2020', '5', '', '20778');
INSERT INTO `product` VALUES ('2020', '5', '', '20949');
INSERT INTO `product` VALUES ('2020', '5', '', '21214');
INSERT INTO `product` VALUES ('2020', '6', '-', '18905');
INSERT INTO `product` VALUES ('2020', '6', '', '19019');
INSERT INTO `product` VALUES ('2020', '6', '', '19794');
INSERT INTO `product` VALUES ('2020', '6', '', '20429');
INSERT INTO `product` VALUES ('2020', '6', '', '20861');
INSERT INTO `product` VALUES ('2020', '6', '', '19932');
INSERT INTO `product` VALUES ('2020', '6', '', '20988');
INSERT INTO `product` VALUES ('2020', '6', '', '19535');
INSERT INTO `product` VALUES ('2020', '6', '', '19938');
INSERT INTO `product` VALUES ('2020', '6', '', '20404');
INSERT INTO `product` VALUES ('2020', '6', '', '19331');
INSERT INTO `product` VALUES ('2020', '7', '-', '20820');
INSERT INTO `product` VALUES ('2020', '7', '', '22275');
INSERT INTO `product` VALUES ('2020', '7', '', '21455');
INSERT INTO `product` VALUES ('2020', '7', '', '20526');
INSERT INTO `product` VALUES ('2020', '7', '', '21089');
INSERT INTO `product` VALUES ('2020', '7', '', '19474');
INSERT INTO `product` VALUES ('2020', '7', '', '21329');
INSERT INTO `product` VALUES ('2020', '7', '', '22937');
INSERT INTO `product` VALUES ('2020', '7', '', '20371');
INSERT INTO `product` VALUES ('2020', '7', '', '21975');
INSERT INTO `product` VALUES ('2020', '7', '', '20661');
INSERT INTO `product` VALUES ('2020', '8', '-', '20550');
INSERT INTO `product` VALUES ('2020', '8', '', '20546');
INSERT INTO `product` VALUES ('2020', '8', '', '20003');
INSERT INTO `product` VALUES ('2020', '8', '', '20369');
INSERT INTO `product` VALUES ('2020', '8', '', '20723');
INSERT INTO `product` VALUES ('2020', '8', '', '21193');
INSERT INTO `product` VALUES ('2020', '8', '', '20296');
INSERT INTO `product` VALUES ('2020', '8', '', '21011');
INSERT INTO `product` VALUES ('2020', '8', '', '21180');
INSERT INTO `product` VALUES ('2020', '8', '', '21358');
INSERT INTO `product` VALUES ('2020', '8', '', '20663');
INSERT INTO `product` VALUES ('2020', '9', '-', '20427');
INSERT INTO `product` VALUES ('2020', '9', '', '19630');
INSERT INTO `product` VALUES ('2020', '9', '', '19507');
INSERT INTO `product` VALUES ('2020', '9', '', '20635');
INSERT INTO `product` VALUES ('2020', '9', '', '20397');
INSERT INTO `product` VALUES ('2020', '9', '', '18538');
INSERT INTO `product` VALUES ('2020', '9', '', '20361');
INSERT INTO `product` VALUES ('2020', '9', '', '21203');
INSERT INTO `product` VALUES ('2020', '9', '', '20250');
INSERT INTO `product` VALUES ('2020', '9', '', '20490');
INSERT INTO `product` VALUES ('2020', '9', '', '20462');
INSERT INTO `product` VALUES ('2020', '10', '-', '20894');
INSERT INTO `product` VALUES ('2020', '10', '', '20076');
INSERT INTO `product` VALUES ('2020', '10', '', '19750');
INSERT INTO `product` VALUES ('2020', '10', '', '20702');
INSERT INTO `product` VALUES ('2020', '10', '', '22125');
INSERT INTO `product` VALUES ('2020', '10', '', '22525');
INSERT INTO `product` VALUES ('2020', '10', '', '20775');
INSERT INTO `product` VALUES ('2020', '10', '', '21423');
INSERT INTO `product` VALUES ('2020', '10', '', '21704');
INSERT INTO `product` VALUES ('2020', '10', '', '21414');
INSERT INTO `product` VALUES ('2020', '10', '', '21159');
INSERT INTO `product` VALUES ('2020', '11', '-', '20760');
INSERT INTO `product` VALUES ('2020', '11', '', '19930');
INSERT INTO `product` VALUES ('2020', '11', '', '21418');
INSERT INTO `product` VALUES ('2020', '11', '', '19055');
INSERT INTO `product` VALUES ('2020', '11', '', '20447');
INSERT INTO `product` VALUES ('2020', '11', '', '20517');
INSERT INTO `product` VALUES ('2020', '11', '', '20187');
INSERT INTO `product` VALUES ('2020', '11', '', '19714');
INSERT INTO `product` VALUES ('2020', '11', '', '20491');
INSERT INTO `product` VALUES ('2020', '11', '', '20970');
INSERT INTO `product` VALUES ('2020', '11', '', '20118');
INSERT INTO `product` VALUES ('2020', '12', '-', '21144');
INSERT INTO `product` VALUES ('2020', '12', '', '21806');
INSERT INTO `product` VALUES ('2020', '12', '', '20736');
INSERT INTO `product` VALUES ('2020', '12', '', '22115');
INSERT INTO `product` VALUES ('2020', '12', '', '20712');
INSERT INTO `product` VALUES ('2020', '12', '', '21587');
INSERT INTO `product` VALUES ('2020', '12', '', '21537');
INSERT INTO `product` VALUES ('2020', '12', '', '20951');
INSERT INTO `product` VALUES ('2020', '12', '', '21910');
INSERT INTO `product` VALUES ('2020', '12', '', '20940');
INSERT INTO `product` VALUES ('2020', '12', '', '20371');
INSERT INTO `product` VALUES ('2021', '1', '-', '19564');
INSERT INTO `product` VALUES ('2021', '1', '', '21047');
INSERT INTO `product` VALUES ('2021', '1', '', '19787');
INSERT INTO `product` VALUES ('2021', '1', '', '20622');
INSERT INTO `product` VALUES ('2021', '1', '', '19640');
INSERT INTO `product` VALUES ('2021', '1', '', '20752');
INSERT INTO `product` VALUES ('2021', '1', '', '22757');
INSERT INTO `product` VALUES ('2021', '1', '', '19658');
INSERT INTO `product` VALUES ('2021', '1', '', '19668');
INSERT INTO `product` VALUES ('2021', '1', '', '21588');
INSERT INTO `product` VALUES ('2021', '1', '', '22857');
INSERT INTO `product` VALUES ('2021', '2', '-', '19336');
INSERT INTO `product` VALUES ('2021', '2', '', '18887');
INSERT INTO `product` VALUES ('2021', '2', '', '18493');
INSERT INTO `product` VALUES ('2021', '2', '', '17622');
INSERT INTO `product` VALUES ('2021', '2', '', '19755');
INSERT INTO `product` VALUES ('2021', '2', '', '19678');
INSERT INTO `product` VALUES ('2021', '2', '', '18489');
INSERT INTO `product` VALUES ('2021', '2', '', '18751');
INSERT INTO `product` VALUES ('2021', '2', '', '19409');
INSERT INTO `product` VALUES ('2021', '2', '', '19599');
INSERT INTO `product` VALUES ('2021', '2', '', '18820');
INSERT INTO `product` VALUES ('2021', '3', '-', '21621');
INSERT INTO `product` VALUES ('2021', '3', '', '20719');
INSERT INTO `product` VALUES ('2021', '3', '', '21294');
INSERT INTO `product` VALUES ('2021', '3', '', '20724');
INSERT INTO `product` VALUES ('2021', '3', '', '21760');
INSERT INTO `product` VALUES ('2021', '3', '', '21215');
INSERT INTO `product` VALUES ('2021', '3', '', '21077');
INSERT INTO `product` VALUES ('2021', '3', '', '20711');
INSERT INTO `product` VALUES ('2021', '3', '', '21508');
INSERT INTO `product` VALUES ('2021', '3', '', '21980');
INSERT INTO `product` VALUES ('2021', '3', '', '20948');
INSERT INTO `product` VALUES ('2021', '4', '-', '20122');
INSERT INTO `product` VALUES ('2021', '4', '', '18765');
INSERT INTO `product` VALUES ('2021', '4', '', '19328');
INSERT INTO `product` VALUES ('2021', '4', '', '21055');
INSERT INTO `product` VALUES ('2021', '4', '', '21124');
INSERT INTO `product` VALUES ('2021', '4', '', '20849');
INSERT INTO `product` VALUES ('2021', '4', '', '20916');
INSERT INTO `product` VALUES ('2021', '4', '', '20291');
INSERT INTO `product` VALUES ('2021', '4', '', '20294');
INSERT INTO `product` VALUES ('2021', '4', '', '20240');
INSERT INTO `product` VALUES ('2021', '4', '', '20672');
INSERT INTO `product` VALUES ('2021', '5', '-', '19341');
INSERT INTO `product` VALUES ('2021', '5', '', '19598');
INSERT INTO `product` VALUES ('2021', '5', '', '21009');
INSERT INTO `product` VALUES ('2021', '5', '', '20742');
INSERT INTO `product` VALUES ('2021', '5', '', '20927');
INSERT INTO `product` VALUES ('2021', '5', '', '20426');
INSERT INTO `product` VALUES ('2021', '5', '', '20912');
INSERT INTO `product` VALUES ('2021', '5', '', '21911');
INSERT INTO `product` VALUES ('2021', '5', '', '21807');
INSERT INTO `product` VALUES ('2021', '5', '', '20896');
INSERT INTO `product` VALUES ('2021', '5', '', '20837');
INSERT INTO `product` VALUES ('2021', '6', '-', '20176');
INSERT INTO `product` VALUES ('2021', '6', '', '19769');
INSERT INTO `product` VALUES ('2021', '6', '', '20248');
INSERT INTO `product` VALUES ('2021', '6', '', '20426');
INSERT INTO `product` VALUES ('2021', '6', '', '19314');
INSERT INTO `product` VALUES ('2021', '6', '', '20468');
INSERT INTO `product` VALUES ('2021', '6', '', '21250');
INSERT INTO `product` VALUES ('2021', '6', '', '19838');
INSERT INTO `product` VALUES ('2021', '6', '', '18991');
INSERT INTO `product` VALUES ('2021', '6', '', '19570');
INSERT INTO `product` VALUES ('2021', '6', '', '19615');
INSERT INTO `product` VALUES ('2021', '7', '-', '21416');
INSERT INTO `product` VALUES ('2021', '7', '', '21280');
INSERT INTO `product` VALUES ('2021', '7', '', '19945');
INSERT INTO `product` VALUES ('2021', '7', '', '22017');
INSERT INTO `product` VALUES ('2021', '7', '', '20348');
INSERT INTO `product` VALUES ('2021', '7', '', '20949');
INSERT INTO `product` VALUES ('2021', '7', '', '20881');
INSERT INTO `product` VALUES ('2021', '7', '', '21185');
INSERT INTO `product` VALUES ('2021', '7', '', '21887');
INSERT INTO `product` VALUES ('2021', '7', '', '20894');
INSERT INTO `product` VALUES ('2021', '7', '', '20774');
INSERT INTO `product` VALUES ('2021', '8', '-', '20285');
INSERT INTO `product` VALUES ('2021', '8', '', '20145');
INSERT INTO `product` VALUES ('2021', '8', '', '20685');
INSERT INTO `product` VALUES ('2021', '8', '', '22123');
INSERT INTO `product` VALUES ('2021', '8', '', '19996');
INSERT INTO `product` VALUES ('2021', '8', '', '19898');
INSERT INTO `product` VALUES ('2021', '8', '', '20773');
INSERT INTO `product` VALUES ('2021', '8', '', '21672');
INSERT INTO `product` VALUES ('2021', '8', '', '19928');
INSERT INTO `product` VALUES ('2021', '8', '', '21337');
INSERT INTO `product` VALUES ('2021', '8', '', '21210');
INSERT INTO `product` VALUES ('2021', '9', '-', '18938');
INSERT INTO `product` VALUES ('2021', '9', '', '19588');
INSERT INTO `product` VALUES ('2021', '9', '', '19204');
INSERT INTO `product` VALUES ('2021', '9', '', '21293');
INSERT INTO `product` VALUES ('2021', '9', '', '19916');
INSERT INTO `product` VALUES ('2021', '9', '', '19779');
INSERT INTO `product` VALUES ('2021', '9', '', '20202');
INSERT INTO `product` VALUES ('2021', '9', '', '18976');
INSERT INTO `product` VALUES ('2021', '9', '', '19333');
INSERT INTO `product` VALUES ('2021', '9', '', '20294');
INSERT INTO `product` VALUES ('2021', '9', '', '19440');
INSERT INTO `product` VALUES ('2021', '10', '-', '21165');
INSERT INTO `product` VALUES ('2021', '10', '', '21281');
INSERT INTO `product` VALUES ('2021', '10', '', '21379');
INSERT INTO `product` VALUES ('2021', '10', '', '20094');
INSERT INTO `product` VALUES ('2021', '10', '', '20515');
INSERT INTO `product` VALUES ('2021', '10', '', '20184');
INSERT INTO `product` VALUES ('2021', '10', '', '20168');
INSERT INTO `product` VALUES ('2021', '10', '', '21964');
INSERT INTO `product` VALUES ('2021', '10', '', '21042');
INSERT INTO `product` VALUES ('2021', '10', '', '21534');
INSERT INTO `product` VALUES ('2021', '10', '', '21171');
INSERT INTO `product` VALUES ('2021', '11', '-', '21225');
INSERT INTO `product` VALUES ('2021', '11', '', '20574');
INSERT INTO `product` VALUES ('2021', '11', '', '20234');
INSERT INTO `product` VALUES ('2021', '11', '', '19797');
INSERT INTO `product` VALUES ('2021', '11', '', '20411');
INSERT INTO `product` VALUES ('2021', '11', '', '19627');
INSERT INTO `product` VALUES ('2021', '11', '', '19323');
INSERT INTO `product` VALUES ('2021', '11', '', '20213');
INSERT INTO `product` VALUES ('2021', '11', '', '21167');
INSERT INTO `product` VALUES ('2021', '11', '', '21048');
INSERT INTO `product` VALUES ('2021', '11', '', '21059');
INSERT INTO `product` VALUES ('2021', '12', '-', '20936');
INSERT INTO `product` VALUES ('2021', '12', '', '21580');
INSERT INTO `product` VALUES ('2021', '12', '', '19923');
INSERT INTO `product` VALUES ('2021', '12', '', '20773');
INSERT INTO `product` VALUES ('2021', '12', '', '20649');
INSERT INTO `product` VALUES ('2021', '12', '', '21061');
INSERT INTO `product` VALUES ('2021', '12', '', '21596');
INSERT INTO `product` VALUES ('2021', '12', '', '20862');
INSERT INTO `product` VALUES ('2021', '12', '', '21653');
INSERT INTO `product` VALUES ('2021', '12', '', '19987');
INSERT INTO `product` VALUES ('2021', '12', '', '20934');

-- ----------------------------
-- Table structure for sale_cost
-- ----------------------------
DROP TABLE IF EXISTS `sale_cost`;
CREATE TABLE `sale_cost` (
  `year` int(11) NOT NULL,
  `month` int(11) NOT NULL,
  `sale_column` varchar(30) NOT NULL,
  `fee` double DEFAULT NULL,
  PRIMARY KEY (`year`,`month`,`sale_column`),
  KEY `month` (`month`),
  CONSTRAINT `sale_cost_ibfk_1` FOREIGN KEY (`year`) REFERENCES `total` (`year`),
  CONSTRAINT `sale_cost_ibfk_2` FOREIGN KEY (`month`) REFERENCES `total` (`month`)
) ENGINE=InnoDB DEFAULT CHARSET=utf8;

-- ----------------------------
-- Records of sale_cost
-- ----------------------------
INSERT INTO `sale_cost` VALUES ('2016', '1', '', '361807625.83');
INSERT INTO `sale_cost` VALUES ('2016', '1', '', '371301826.34');
INSERT INTO `sale_cost` VALUES ('2016', '1', '', '335395007.63');
INSERT INTO `sale_cost` VALUES ('2016', '1', '', '282017038.83');
INSERT INTO `sale_cost` VALUES ('2016', '1', '', '354200655.31');
INSERT INTO `sale_cost` VALUES ('2016', '1', '', '321987781.7');
INSERT INTO `sale_cost` VALUES ('2016', '2', '', '365606872.5');
INSERT INTO `sale_cost` VALUES ('2016', '2', '', '301426686.11');
INSERT INTO `sale_cost` VALUES ('2016', '2', '', '367445601.58');
INSERT INTO `sale_cost` VALUES ('2016', '2', '', '333488418.17');
INSERT INTO `sale_cost` VALUES ('2016', '2', '', '368913951.27');
INSERT INTO `sale_cost` VALUES ('2016', '2', '', '312407434.37');
INSERT INTO `sale_cost` VALUES ('2016', '3', '', '302145978.09');
INSERT INTO `sale_cost` VALUES ('2016', '3', '', '361565016.16');
INSERT INTO `sale_cost` VALUES ('2016', '3', '', '304883860.48');
INSERT INTO `sale_cost` VALUES ('2016', '3', '', '406704498.36');
INSERT INTO `sale_cost` VALUES ('2016', '3', '', '377635970.7');
INSERT INTO `sale_cost` VALUES ('2016', '3', '', '404532331.68');
INSERT INTO `sale_cost` VALUES ('2016', '4', '', '300113867.69');
INSERT INTO `sale_cost` VALUES ('2016', '4', '', '356405260.38');
INSERT INTO `sale_cost` VALUES ('2016', '4', '', '337624387.87');
INSERT INTO `sale_cost` VALUES ('2016', '4', '', '252436929.44');
INSERT INTO `sale_cost` VALUES ('2016', '4', '', '276102523.52');
INSERT INTO `sale_cost` VALUES ('2016', '4', '', '453286240.82');
INSERT INTO `sale_cost` VALUES ('2016', '5', '', '342309257.96');
INSERT INTO `sale_cost` VALUES ('2016', '5', '', '225967791.92');
INSERT INTO `sale_cost` VALUES ('2016', '5', '', '362713066.64');
INSERT INTO `sale_cost` VALUES ('2016', '5', '', '368530221.06');
INSERT INTO `sale_cost` VALUES ('2016', '5', '', '464135406.6');
INSERT INTO `sale_cost` VALUES ('2016', '5', '', '389399835.17');
INSERT INTO `sale_cost` VALUES ('2016', '6', '', '303882106.22');
INSERT INTO `sale_cost` VALUES ('2016', '6', '', '455583353.08');
INSERT INTO `sale_cost` VALUES ('2016', '6', '', '367601496.77');
INSERT INTO `sale_cost` VALUES ('2016', '6', '', '370797752.81');
INSERT INTO `sale_cost` VALUES ('2016', '6', '', '407414320.72');
INSERT INTO `sale_cost` VALUES ('2016', '6', '', '299107455.93');
INSERT INTO `sale_cost` VALUES ('2016', '7', '', '356483577.08');
INSERT INTO `sale_cost` VALUES ('2016', '7', '', '416780781.84');
INSERT INTO `sale_cost` VALUES ('2016', '7', '', '348500830.56');
INSERT INTO `sale_cost` VALUES ('2016', '7', '', '273559458.73');
INSERT INTO `sale_cost` VALUES ('2016', '7', '', '331038840.6');
INSERT INTO `sale_cost` VALUES ('2016', '7', '', '349299826.11');
INSERT INTO `sale_cost` VALUES ('2016', '8', '', '317773231.01');
INSERT INTO `sale_cost` VALUES ('2016', '8', '', '332891173.22');
INSERT INTO `sale_cost` VALUES ('2016', '8', '', '341414805.02');
INSERT INTO `sale_cost` VALUES ('2016', '8', '', '342574962.47');
INSERT INTO `sale_cost` VALUES ('2016', '8', '', '400084334.1');
INSERT INTO `sale_cost` VALUES ('2016', '8', '', '361449135.59');
INSERT INTO `sale_cost` VALUES ('2016', '9', '', '350677456.28');
INSERT INTO `sale_cost` VALUES ('2016', '9', '', '360937877.15');
INSERT INTO `sale_cost` VALUES ('2016', '9', '', '355487382.79');
INSERT INTO `sale_cost` VALUES ('2016', '9', '', '471133969.89');
INSERT INTO `sale_cost` VALUES ('2016', '9', '', '404431285.97');
INSERT INTO `sale_cost` VALUES ('2016', '9', '', '401250694.77');
INSERT INTO `sale_cost` VALUES ('2016', '10', '', '385981023.23');
INSERT INTO `sale_cost` VALUES ('2016', '10', '', '394655532.48');
INSERT INTO `sale_cost` VALUES ('2016', '10', '', '365634379.3');
INSERT INTO `sale_cost` VALUES ('2016', '10', '', '339513007.99');
INSERT INTO `sale_cost` VALUES ('2016', '10', '', '277847461.23');
INSERT INTO `sale_cost` VALUES ('2016', '10', '', '267018265.58');
INSERT INTO `sale_cost` VALUES ('2016', '11', '', '341809005.57');
INSERT INTO `sale_cost` VALUES ('2016', '11', '', '302276945.51');
INSERT INTO `sale_cost` VALUES ('2016', '11', '', '302051402.56');
INSERT INTO `sale_cost` VALUES ('2016', '11', '', '305097665.52');
INSERT INTO `sale_cost` VALUES ('2016', '11', '', '280177510.07');
INSERT INTO `sale_cost` VALUES ('2016', '11', '', '347796933.74');
INSERT INTO `sale_cost` VALUES ('2016', '12', '', '355264125.09');
INSERT INTO `sale_cost` VALUES ('2016', '12', '', '379995260.67');
INSERT INTO `sale_cost` VALUES ('2016', '12', '', '340298486.91');
INSERT INTO `sale_cost` VALUES ('2016', '12', '', '342580106.89');
INSERT INTO `sale_cost` VALUES ('2016', '12', '', '420510737.09');
INSERT INTO `sale_cost` VALUES ('2016', '12', '', '380474304.09');
INSERT INTO `sale_cost` VALUES ('2017', '1', '', '278931381.92');
INSERT INTO `sale_cost` VALUES ('2017', '1', '', '345435236.42');
INSERT INTO `sale_cost` VALUES ('2017', '1', '', '338962276.48');
INSERT INTO `sale_cost` VALUES ('2017', '1', '', '365514263.61');
INSERT INTO `sale_cost` VALUES ('2017', '1', '', '346046228.5');
INSERT INTO `sale_cost` VALUES ('2017', '1', '', '283213622.69');
INSERT INTO `sale_cost` VALUES ('2017', '2', '', '319420283.23');
INSERT INTO `sale_cost` VALUES ('2017', '2', '', '353175198.02');
INSERT INTO `sale_cost` VALUES ('2017', '2', '', '402150110.66');
INSERT INTO `sale_cost` VALUES ('2017', '2', '', '329707410');
INSERT INTO `sale_cost` VALUES ('2017', '2', '', '363573454.99');
INSERT INTO `sale_cost` VALUES ('2017', '2', '', '357685055.03');
INSERT INTO `sale_cost` VALUES ('2017', '3', '', '343207886.37');
INSERT INTO `sale_cost` VALUES ('2017', '3', '', '265611801.7');
INSERT INTO `sale_cost` VALUES ('2017', '3', '', '355871050.96');
INSERT INTO `sale_cost` VALUES ('2017', '3', '', '399118233.96');
INSERT INTO `sale_cost` VALUES ('2017', '3', '', '458951563.84');
INSERT INTO `sale_cost` VALUES ('2017', '3', '', '337618804.26');
INSERT INTO `sale_cost` VALUES ('2017', '4', '', '412643834.08');
INSERT INTO `sale_cost` VALUES ('2017', '4', '', '364977115.73');
INSERT INTO `sale_cost` VALUES ('2017', '4', '', '376917230.61');
INSERT INTO `sale_cost` VALUES ('2017', '4', '', '387098138.57');
INSERT INTO `sale_cost` VALUES ('2017', '4', '', '282379608.8');
INSERT INTO `sale_cost` VALUES ('2017', '4', '', '362438933.67');
INSERT INTO `sale_cost` VALUES ('2017', '5', '', '365811818.85');
INSERT INTO `sale_cost` VALUES ('2017', '5', '', '368308420.06');
INSERT INTO `sale_cost` VALUES ('2017', '5', '', '291401624.65');
INSERT INTO `sale_cost` VALUES ('2017', '5', '', '283816761.54');
INSERT INTO `sale_cost` VALUES ('2017', '5', '', '323953226.17');
INSERT INTO `sale_cost` VALUES ('2017', '5', '', '349478971.18');
INSERT INTO `sale_cost` VALUES ('2017', '6', '', '337418770.5');
INSERT INTO `sale_cost` VALUES ('2017', '6', '', '438821178.31');
INSERT INTO `sale_cost` VALUES ('2017', '6', '', '413832476.42');
INSERT INTO `sale_cost` VALUES ('2017', '6', '', '350954369.97');
INSERT INTO `sale_cost` VALUES ('2017', '6', '', '369922328.72');
INSERT INTO `sale_cost` VALUES ('2017', '6', '', '377714847.01');
INSERT INTO `sale_cost` VALUES ('2017', '7', '', '445007895.37');
INSERT INTO `sale_cost` VALUES ('2017', '7', '', '321124532.28');
INSERT INTO `sale_cost` VALUES ('2017', '7', '', '347960814.07');
INSERT INTO `sale_cost` VALUES ('2017', '7', '', '415006426.84');
INSERT INTO `sale_cost` VALUES ('2017', '7', '', '305734574.78');
INSERT INTO `sale_cost` VALUES ('2017', '7', '', '311337194.45');
INSERT INTO `sale_cost` VALUES ('2017', '8', '', '244222784.27');
INSERT INTO `sale_cost` VALUES ('2017', '8', '', '341401234.84');
INSERT INTO `sale_cost` VALUES ('2017', '8', '', '352654842.96');
INSERT INTO `sale_cost` VALUES ('2017', '8', '', '338927494.69');
INSERT INTO `sale_cost` VALUES ('2017', '8', '', '339248362.86');
INSERT INTO `sale_cost` VALUES ('2017', '8', '', '339500735.2');
INSERT INTO `sale_cost` VALUES ('2017', '9', '', '275817351.83');
INSERT INTO `sale_cost` VALUES ('2017', '9', '', '434151241.87');
INSERT INTO `sale_cost` VALUES ('2017', '9', '', '338920928.49');
INSERT INTO `sale_cost` VALUES ('2017', '9', '', '319497268.95');
INSERT INTO `sale_cost` VALUES ('2017', '9', '', '362184734.96');
INSERT INTO `sale_cost` VALUES ('2017', '9', '', '341021315.56');
INSERT INTO `sale_cost` VALUES ('2017', '10', '', '356640664.66');
INSERT INTO `sale_cost` VALUES ('2017', '10', '', '393385031.27');
INSERT INTO `sale_cost` VALUES ('2017', '10', '', '367947191.45');
INSERT INTO `sale_cost` VALUES ('2017', '10', '', '457728453.42');
INSERT INTO `sale_cost` VALUES ('2017', '10', '', '289881105.05');
INSERT INTO `sale_cost` VALUES ('2017', '10', '', '327466544.18');
INSERT INTO `sale_cost` VALUES ('2017', '11', '', '391484382.22');
INSERT INTO `sale_cost` VALUES ('2017', '11', '', '340021100.94');
INSERT INTO `sale_cost` VALUES ('2017', '11', '', '361682228.47');
INSERT INTO `sale_cost` VALUES ('2017', '11', '', '368708692.79');
INSERT INTO `sale_cost` VALUES ('2017', '11', '', '319603363.77');
INSERT INTO `sale_cost` VALUES ('2017', '11', '', '368388249.38');
INSERT INTO `sale_cost` VALUES ('2017', '12', '', '338413079.84');
INSERT INTO `sale_cost` VALUES ('2017', '12', '', '312493753.2');
INSERT INTO `sale_cost` VALUES ('2017', '12', '', '327791565.75');
INSERT INTO `sale_cost` VALUES ('2017', '12', '', '368560046.35');
INSERT INTO `sale_cost` VALUES ('2017', '12', '', '380050107.92');
INSERT INTO `sale_cost` VALUES ('2017', '12', '', '322554783.47');
INSERT INTO `sale_cost` VALUES ('2018', '1', '', '322634192.25');
INSERT INTO `sale_cost` VALUES ('2018', '1', '', '330837377.1');
INSERT INTO `sale_cost` VALUES ('2018', '1', '', '300640213.46');
INSERT INTO `sale_cost` VALUES ('2018', '1', '', '388777545.66');
INSERT INTO `sale_cost` VALUES ('2018', '1', '', '384899218.14');
INSERT INTO `sale_cost` VALUES ('2018', '1', '', '369055090.88');
INSERT INTO `sale_cost` VALUES ('2018', '2', '', '327871522.65');
INSERT INTO `sale_cost` VALUES ('2018', '2', '', '390845263.62');
INSERT INTO `sale_cost` VALUES ('2018', '2', '', '408717194.16');
INSERT INTO `sale_cost` VALUES ('2018', '2', '', '372846933.38');
INSERT INTO `sale_cost` VALUES ('2018', '2', '', '336991041.34');
INSERT INTO `sale_cost` VALUES ('2018', '2', '', '283153557.91');
INSERT INTO `sale_cost` VALUES ('2018', '3', '', '380733912.26');
INSERT INTO `sale_cost` VALUES ('2018', '3', '', '332715239.49');
INSERT INTO `sale_cost` VALUES ('2018', '3', '', '395465363.15');
INSERT INTO `sale_cost` VALUES ('2018', '3', '', '385893870.65');
INSERT INTO `sale_cost` VALUES ('2018', '3', '', '294760776.44');
INSERT INTO `sale_cost` VALUES ('2018', '3', '', '320967024.35');
INSERT INTO `sale_cost` VALUES ('2018', '4', '', '250148682.02');
INSERT INTO `sale_cost` VALUES ('2018', '4', '', '235762789.17');
INSERT INTO `sale_cost` VALUES ('2018', '4', '', '310104177.64');
INSERT INTO `sale_cost` VALUES ('2018', '4', '', '358727454.8');
INSERT INTO `sale_cost` VALUES ('2018', '4', '', '396759008.16');
INSERT INTO `sale_cost` VALUES ('2018', '4', '', '368249431.53');
INSERT INTO `sale_cost` VALUES ('2018', '5', '', '323639454.64');
INSERT INTO `sale_cost` VALUES ('2018', '5', '', '315672221.72');
INSERT INTO `sale_cost` VALUES ('2018', '5', '', '416767523.63');
INSERT INTO `sale_cost` VALUES ('2018', '5', '', '329465974.17');
INSERT INTO `sale_cost` VALUES ('2018', '5', '', '401695732.48');
INSERT INTO `sale_cost` VALUES ('2018', '5', '', '268531647.93');
INSERT INTO `sale_cost` VALUES ('2018', '6', '', '340968462.88');
INSERT INTO `sale_cost` VALUES ('2018', '6', '', '396951377.49');
INSERT INTO `sale_cost` VALUES ('2018', '6', '', '330837016.65');
INSERT INTO `sale_cost` VALUES ('2018', '6', '', '367599679.15');
INSERT INTO `sale_cost` VALUES ('2018', '6', '', '358754597.37');
INSERT INTO `sale_cost` VALUES ('2018', '6', '', '332909893.9');
INSERT INTO `sale_cost` VALUES ('2018', '7', '', '316173902.22');
INSERT INTO `sale_cost` VALUES ('2018', '7', '', '359042060.85');
INSERT INTO `sale_cost` VALUES ('2018', '7', '', '326133885.93');
INSERT INTO `sale_cost` VALUES ('2018', '7', '', '390058080.77');
INSERT INTO `sale_cost` VALUES ('2018', '7', '', '396681977.86');
INSERT INTO `sale_cost` VALUES ('2018', '7', '', '343217051.85');
INSERT INTO `sale_cost` VALUES ('2018', '8', '', '355978498.95');
INSERT INTO `sale_cost` VALUES ('2018', '8', '', '364868153.32');
INSERT INTO `sale_cost` VALUES ('2018', '8', '', '390443039.02');
INSERT INTO `sale_cost` VALUES ('2018', '8', '', '294392072.34');
INSERT INTO `sale_cost` VALUES ('2018', '8', '', '328756236.32');
INSERT INTO `sale_cost` VALUES ('2018', '8', '', '333528852.95');
INSERT INTO `sale_cost` VALUES ('2018', '9', '', '340760431.93');
INSERT INTO `sale_cost` VALUES ('2018', '9', '', '331219134.01');
INSERT INTO `sale_cost` VALUES ('2018', '9', '', '363558161.21');
INSERT INTO `sale_cost` VALUES ('2018', '9', '', '383492774.16');
INSERT INTO `sale_cost` VALUES ('2018', '9', '', '335383838.48');
INSERT INTO `sale_cost` VALUES ('2018', '9', '', '392910996.83');
INSERT INTO `sale_cost` VALUES ('2018', '10', '', '344151317.12');
INSERT INTO `sale_cost` VALUES ('2018', '10', '', '340265903.48');
INSERT INTO `sale_cost` VALUES ('2018', '10', '', '342236747.84');
INSERT INTO `sale_cost` VALUES ('2018', '10', '', '336284220.01');
INSERT INTO `sale_cost` VALUES ('2018', '10', '', '275040919.58');
INSERT INTO `sale_cost` VALUES ('2018', '10', '', '342201284.54');
INSERT INTO `sale_cost` VALUES ('2018', '11', '', '303760674.92');
INSERT INTO `sale_cost` VALUES ('2018', '11', '', '302292408.12');
INSERT INTO `sale_cost` VALUES ('2018', '11', '', '324740875.08');
INSERT INTO `sale_cost` VALUES ('2018', '11', '', '266181441.32');
INSERT INTO `sale_cost` VALUES ('2018', '11', '', '385054123.11');
INSERT INTO `sale_cost` VALUES ('2018', '11', '', '315050588.19');
INSERT INTO `sale_cost` VALUES ('2018', '12', '', '351796815.01');
INSERT INTO `sale_cost` VALUES ('2018', '12', '', '399270422.68');
INSERT INTO `sale_cost` VALUES ('2018', '12', '', '374780400.84');
INSERT INTO `sale_cost` VALUES ('2018', '12', '', '329147921.17');
INSERT INTO `sale_cost` VALUES ('2018', '12', '', '297075559.4');
INSERT INTO `sale_cost` VALUES ('2018', '12', '', '252792729.74');
INSERT INTO `sale_cost` VALUES ('2019', '1', '', '443174591.2');
INSERT INTO `sale_cost` VALUES ('2019', '1', '', '310123388.04');
INSERT INTO `sale_cost` VALUES ('2019', '1', '', '371130361.2');
INSERT INTO `sale_cost` VALUES ('2019', '1', '', '362548947.42');
INSERT INTO `sale_cost` VALUES ('2019', '1', '', '352492683.15');
INSERT INTO `sale_cost` VALUES ('2019', '1', '', '355938011.67');
INSERT INTO `sale_cost` VALUES ('2019', '2', '', '408690754.06');
INSERT INTO `sale_cost` VALUES ('2019', '2', '', '416179091.44');
INSERT INTO `sale_cost` VALUES ('2019', '2', '', '384585125.97');
INSERT INTO `sale_cost` VALUES ('2019', '2', '', '299839229.29');
INSERT INTO `sale_cost` VALUES ('2019', '2', '', '350127495.59');
INSERT INTO `sale_cost` VALUES ('2019', '2', '', '377660881.51');
INSERT INTO `sale_cost` VALUES ('2019', '3', '', '385579358.96');
INSERT INTO `sale_cost` VALUES ('2019', '3', '', '363157799.64');
INSERT INTO `sale_cost` VALUES ('2019', '3', '', '306063896.47');
INSERT INTO `sale_cost` VALUES ('2019', '3', '', '347933010.77');
INSERT INTO `sale_cost` VALUES ('2019', '3', '', '418333502.48');
INSERT INTO `sale_cost` VALUES ('2019', '3', '', '366130124.31');
INSERT INTO `sale_cost` VALUES ('2019', '4', '', '342032667.05');
INSERT INTO `sale_cost` VALUES ('2019', '4', '', '331884318.1');
INSERT INTO `sale_cost` VALUES ('2019', '4', '', '334496569.13');
INSERT INTO `sale_cost` VALUES ('2019', '4', '', '400949108.93');
INSERT INTO `sale_cost` VALUES ('2019', '4', '', '401306451.9');
INSERT INTO `sale_cost` VALUES ('2019', '4', '', '345799360.1');
INSERT INTO `sale_cost` VALUES ('2019', '5', '', '392536051.84');
INSERT INTO `sale_cost` VALUES ('2019', '5', '', '381342951.79');
INSERT INTO `sale_cost` VALUES ('2019', '5', '', '457611247.02');
INSERT INTO `sale_cost` VALUES ('2019', '5', '', '399745841.31');
INSERT INTO `sale_cost` VALUES ('2019', '5', '', '329937625.91');
INSERT INTO `sale_cost` VALUES ('2019', '5', '', '298450530.32');
INSERT INTO `sale_cost` VALUES ('2019', '6', '', '339298528.29');
INSERT INTO `sale_cost` VALUES ('2019', '6', '', '294531831.24');
INSERT INTO `sale_cost` VALUES ('2019', '6', '', '391471466.57');
INSERT INTO `sale_cost` VALUES ('2019', '6', '', '358088882.95');
INSERT INTO `sale_cost` VALUES ('2019', '6', '', '448141296.1');
INSERT INTO `sale_cost` VALUES ('2019', '6', '', '391980589.7');
INSERT INTO `sale_cost` VALUES ('2019', '7', '', '332355995.39');
INSERT INTO `sale_cost` VALUES ('2019', '7', '', '453631391.72');
INSERT INTO `sale_cost` VALUES ('2019', '7', '', '307818525.22');
INSERT INTO `sale_cost` VALUES ('2019', '7', '', '445939470.97');
INSERT INTO `sale_cost` VALUES ('2019', '7', '', '394802239.23');
INSERT INTO `sale_cost` VALUES ('2019', '7', '', '305398401.89');
INSERT INTO `sale_cost` VALUES ('2019', '8', '', '365092125.32');
INSERT INTO `sale_cost` VALUES ('2019', '8', '', '282444821.87');
INSERT INTO `sale_cost` VALUES ('2019', '8', '', '305435884.39');
INSERT INTO `sale_cost` VALUES ('2019', '8', '', '368273616.5');
INSERT INTO `sale_cost` VALUES ('2019', '8', '', '373208664.57');
INSERT INTO `sale_cost` VALUES ('2019', '8', '', '339158630.21');
INSERT INTO `sale_cost` VALUES ('2019', '9', '', '388018850.69');
INSERT INTO `sale_cost` VALUES ('2019', '9', '', '377545305.98');
INSERT INTO `sale_cost` VALUES ('2019', '9', '', '374628751.27');
INSERT INTO `sale_cost` VALUES ('2019', '9', '', '347171945.75');
INSERT INTO `sale_cost` VALUES ('2019', '9', '', '346568662.15');
INSERT INTO `sale_cost` VALUES ('2019', '9', '', '341790061.89');
INSERT INTO `sale_cost` VALUES ('2019', '10', '', '290809938.11');
INSERT INTO `sale_cost` VALUES ('2019', '10', '', '385616930.72');
INSERT INTO `sale_cost` VALUES ('2019', '10', '', '257384360.24');
INSERT INTO `sale_cost` VALUES ('2019', '10', '', '331831531.4');
INSERT INTO `sale_cost` VALUES ('2019', '10', '', '393866947');
INSERT INTO `sale_cost` VALUES ('2019', '10', '', '316818767.33');
INSERT INTO `sale_cost` VALUES ('2019', '11', '', '346252407.48');
INSERT INTO `sale_cost` VALUES ('2019', '11', '', '367728056.21');
INSERT INTO `sale_cost` VALUES ('2019', '11', '', '269230574.7');
INSERT INTO `sale_cost` VALUES ('2019', '11', '', '408852403.99');
INSERT INTO `sale_cost` VALUES ('2019', '11', '', '367084097.3');
INSERT INTO `sale_cost` VALUES ('2019', '11', '', '373157735.49');
INSERT INTO `sale_cost` VALUES ('2019', '12', '', '399272459.02');
INSERT INTO `sale_cost` VALUES ('2019', '12', '', '325876503.6');
INSERT INTO `sale_cost` VALUES ('2019', '12', '', '370466756.01');
INSERT INTO `sale_cost` VALUES ('2019', '12', '', '281996698.83');
INSERT INTO `sale_cost` VALUES ('2019', '12', '', '357063204.13');
INSERT INTO `sale_cost` VALUES ('2019', '12', '', '304677952.36');
INSERT INTO `sale_cost` VALUES ('2020', '1', '', '403516718.68');
INSERT INTO `sale_cost` VALUES ('2020', '1', '', '422765262.82');
INSERT INTO `sale_cost` VALUES ('2020', '1', '', '424548620.21');
INSERT INTO `sale_cost` VALUES ('2020', '1', '', '379873143.99');
INSERT INTO `sale_cost` VALUES ('2020', '1', '', '376349420.54');
INSERT INTO `sale_cost` VALUES ('2020', '1', '', '392150924.46');
INSERT INTO `sale_cost` VALUES ('2020', '2', '', '312344807.7');
INSERT INTO `sale_cost` VALUES ('2020', '2', '', '434266034.5');
INSERT INTO `sale_cost` VALUES ('2020', '2', '', '409930762.91');
INSERT INTO `sale_cost` VALUES ('2020', '2', '', '308629579.58');
INSERT INTO `sale_cost` VALUES ('2020', '2', '', '365829810.87');
INSERT INTO `sale_cost` VALUES ('2020', '2', '', '340951067.01');
INSERT INTO `sale_cost` VALUES ('2020', '3', '', '336393130.17');
INSERT INTO `sale_cost` VALUES ('2020', '3', '', '357914527.33');
INSERT INTO `sale_cost` VALUES ('2020', '3', '', '424458932.36');
INSERT INTO `sale_cost` VALUES ('2020', '3', '', '308605949.72');
INSERT INTO `sale_cost` VALUES ('2020', '3', '', '370097009.73');
INSERT INTO `sale_cost` VALUES ('2020', '3', '', '375906945.99');
INSERT INTO `sale_cost` VALUES ('2020', '4', '', '365558973.56');
INSERT INTO `sale_cost` VALUES ('2020', '4', '', '310380450.36');
INSERT INTO `sale_cost` VALUES ('2020', '4', '', '316172432.51');
INSERT INTO `sale_cost` VALUES ('2020', '4', '', '409496203.87');
INSERT INTO `sale_cost` VALUES ('2020', '4', '', '337534457.76');
INSERT INTO `sale_cost` VALUES ('2020', '4', '', '381480542.08');
INSERT INTO `sale_cost` VALUES ('2020', '5', '', '269520071.18');
INSERT INTO `sale_cost` VALUES ('2020', '5', '', '425023362.48');
INSERT INTO `sale_cost` VALUES ('2020', '5', '', '359943892.19');
INSERT INTO `sale_cost` VALUES ('2020', '5', '', '335027779.35');
INSERT INTO `sale_cost` VALUES ('2020', '5', '', '386871211.44');
INSERT INTO `sale_cost` VALUES ('2020', '5', '', '318111238.09');
INSERT INTO `sale_cost` VALUES ('2020', '6', '', '357311604.13');
INSERT INTO `sale_cost` VALUES ('2020', '6', '', '293459900.38');
INSERT INTO `sale_cost` VALUES ('2020', '6', '', '432777931.66');
INSERT INTO `sale_cost` VALUES ('2020', '6', '', '314042104.62');
INSERT INTO `sale_cost` VALUES ('2020', '6', '', '406554198.54');
INSERT INTO `sale_cost` VALUES ('2020', '6', '', '347449886.06');
INSERT INTO `sale_cost` VALUES ('2020', '7', '', '343003501.88');
INSERT INTO `sale_cost` VALUES ('2020', '7', '', '291099238.83');
INSERT INTO `sale_cost` VALUES ('2020', '7', '', '363878052.92');
INSERT INTO `sale_cost` VALUES ('2020', '7', '', '393105745.48');
INSERT INTO `sale_cost` VALUES ('2020', '7', '', '283284550.26');
INSERT INTO `sale_cost` VALUES ('2020', '7', '', '359548776.52');
INSERT INTO `sale_cost` VALUES ('2020', '8', '', '342463570.31');
INSERT INTO `sale_cost` VALUES ('2020', '8', '', '454105090.96');
INSERT INTO `sale_cost` VALUES ('2020', '8', '', '425672420.54');
INSERT INTO `sale_cost` VALUES ('2020', '8', '', '422030124.44');
INSERT INTO `sale_cost` VALUES ('2020', '8', '', '282771421.02');
INSERT INTO `sale_cost` VALUES ('2020', '8', '', '395843321.51');
INSERT INTO `sale_cost` VALUES ('2020', '9', '', '421002676.33');
INSERT INTO `sale_cost` VALUES ('2020', '9', '', '391744449.92');
INSERT INTO `sale_cost` VALUES ('2020', '9', '', '319762782.01');
INSERT INTO `sale_cost` VALUES ('2020', '9', '', '336038290.7');
INSERT INTO `sale_cost` VALUES ('2020', '9', '', '421979782.82');
INSERT INTO `sale_cost` VALUES ('2020', '9', '', '370343044.2');
INSERT INTO `sale_cost` VALUES ('2020', '10', '', '298689843.57');
INSERT INTO `sale_cost` VALUES ('2020', '10', '', '379981360.48');
INSERT INTO `sale_cost` VALUES ('2020', '10', '', '372363884.84');
INSERT INTO `sale_cost` VALUES ('2020', '10', '', '341563430.73');
INSERT INTO `sale_cost` VALUES ('2020', '10', '', '374188927.94');
INSERT INTO `sale_cost` VALUES ('2020', '10', '', '351609355.84');
INSERT INTO `sale_cost` VALUES ('2020', '11', '', '354565524.67');
INSERT INTO `sale_cost` VALUES ('2020', '11', '', '256305148.7');
INSERT INTO `sale_cost` VALUES ('2020', '11', '', '263903914.86');
INSERT INTO `sale_cost` VALUES ('2020', '11', '', '381402231.39');
INSERT INTO `sale_cost` VALUES ('2020', '11', '', '408772347.25');
INSERT INTO `sale_cost` VALUES ('2020', '11', '', '378844027.64');
INSERT INTO `sale_cost` VALUES ('2020', '12', '', '408907672.45');
INSERT INTO `sale_cost` VALUES ('2020', '12', '', '329076548.73');
INSERT INTO `sale_cost` VALUES ('2020', '12', '', '397221965.92');
INSERT INTO `sale_cost` VALUES ('2020', '12', '', '317423989.07');
INSERT INTO `sale_cost` VALUES ('2020', '12', '', '432396203.7');
INSERT INTO `sale_cost` VALUES ('2020', '12', '', '359023693.39');
INSERT INTO `sale_cost` VALUES ('2021', '1', '', '382761556.33');
INSERT INTO `sale_cost` VALUES ('2021', '1', '', '244602930.14');
INSERT INTO `sale_cost` VALUES ('2021', '1', '', '325364731.01');
INSERT INTO `sale_cost` VALUES ('2021', '1', '', '329717750.04');
INSERT INTO `sale_cost` VALUES ('2021', '1', '', '471525264.79');
INSERT INTO `sale_cost` VALUES ('2021', '1', '', '295624434.74');
INSERT INTO `sale_cost` VALUES ('2021', '2', '', '369323235.78');
INSERT INTO `sale_cost` VALUES ('2021', '2', '', '348355471.71');
INSERT INTO `sale_cost` VALUES ('2021', '2', '', '350795830.13');
INSERT INTO `sale_cost` VALUES ('2021', '2', '', '255906454.45');
INSERT INTO `sale_cost` VALUES ('2021', '2', '', '365777241.41');
INSERT INTO `sale_cost` VALUES ('2021', '2', '', '333117352.29');
INSERT INTO `sale_cost` VALUES ('2021', '3', '', '375568873.02');
INSERT INTO `sale_cost` VALUES ('2021', '3', '', '244704266.19');
INSERT INTO `sale_cost` VALUES ('2021', '3', '', '355173216.59');
INSERT INTO `sale_cost` VALUES ('2021', '3', '', '378958611.3');
INSERT INTO `sale_cost` VALUES ('2021', '3', '', '312409204.87');
INSERT INTO `sale_cost` VALUES ('2021', '3', '', '296897775.83');
INSERT INTO `sale_cost` VALUES ('2021', '4', '', '359155897.16');
INSERT INTO `sale_cost` VALUES ('2021', '4', '', '329551528.62');
INSERT INTO `sale_cost` VALUES ('2021', '4', '', '355106815.66');
INSERT INTO `sale_cost` VALUES ('2021', '4', '', '372727123.53');
INSERT INTO `sale_cost` VALUES ('2021', '4', '', '335891741.86');
INSERT INTO `sale_cost` VALUES ('2021', '4', '', '305885471.01');
INSERT INTO `sale_cost` VALUES ('2021', '5', '', '404003257.43');
INSERT INTO `sale_cost` VALUES ('2021', '5', '', '391881221.77');
INSERT INTO `sale_cost` VALUES ('2021', '5', '', '374970343.62');
INSERT INTO `sale_cost` VALUES ('2021', '5', '', '388262561.53');
INSERT INTO `sale_cost` VALUES ('2021', '5', '', '326322331.08');
INSERT INTO `sale_cost` VALUES ('2021', '5', '', '376076752.29');
INSERT INTO `sale_cost` VALUES ('2021', '6', '', '342067122.05');
INSERT INTO `sale_cost` VALUES ('2021', '6', '', '381199721.82');
INSERT INTO `sale_cost` VALUES ('2021', '6', '', '297725293.23');
INSERT INTO `sale_cost` VALUES ('2021', '6', '', '442497134.91');
INSERT INTO `sale_cost` VALUES ('2021', '6', '', '359416823.3');
INSERT INTO `sale_cost` VALUES ('2021', '6', '', '283597954.16');
INSERT INTO `sale_cost` VALUES ('2021', '7', '', '399395843.27');
INSERT INTO `sale_cost` VALUES ('2021', '7', '', '329486013.62');
INSERT INTO `sale_cost` VALUES ('2021', '7', '', '366965903.51');
INSERT INTO `sale_cost` VALUES ('2021', '7', '', '367329656.74');
INSERT INTO `sale_cost` VALUES ('2021', '7', '', '412150895');
INSERT INTO `sale_cost` VALUES ('2021', '7', '', '276339992.08');
INSERT INTO `sale_cost` VALUES ('2021', '8', '', '349189336.33');
INSERT INTO `sale_cost` VALUES ('2021', '8', '', '313311400.44');
INSERT INTO `sale_cost` VALUES ('2021', '8', '', '353445961.49');
INSERT INTO `sale_cost` VALUES ('2021', '8', '', '380038900.2');
INSERT INTO `sale_cost` VALUES ('2021', '8', '', '252680108.29');
INSERT INTO `sale_cost` VALUES ('2021', '8', '', '384970911.47');
INSERT INTO `sale_cost` VALUES ('2021', '9', '', '438453406.96');
INSERT INTO `sale_cost` VALUES ('2021', '9', '', '307684157.57');
INSERT INTO `sale_cost` VALUES ('2021', '9', '', '282597511.69');
INSERT INTO `sale_cost` VALUES ('2021', '9', '', '385294056.06');
INSERT INTO `sale_cost` VALUES ('2021', '9', '', '397733391.3');
INSERT INTO `sale_cost` VALUES ('2021', '9', '', '402227570.84');
INSERT INTO `sale_cost` VALUES ('2021', '10', '', '321312831.15');
INSERT INTO `sale_cost` VALUES ('2021', '10', '', '420991420.2');
INSERT INTO `sale_cost` VALUES ('2021', '10', '', '361701850.2');
INSERT INTO `sale_cost` VALUES ('2021', '10', '', '301651744.28');
INSERT INTO `sale_cost` VALUES ('2021', '10', '', '421220373.21');
INSERT INTO `sale_cost` VALUES ('2021', '10', '', '304648236.55');
INSERT INTO `sale_cost` VALUES ('2021', '11', '', '388727155.95');
INSERT INTO `sale_cost` VALUES ('2021', '11', '', '411151791.49');
INSERT INTO `sale_cost` VALUES ('2021', '11', '', '215025073.56');
INSERT INTO `sale_cost` VALUES ('2021', '11', '', '383949183.42');
INSERT INTO `sale_cost` VALUES ('2021', '11', '', '333490282.76');
INSERT INTO `sale_cost` VALUES ('2021', '11', '', '363592263');
INSERT INTO `sale_cost` VALUES ('2021', '12', '', '357966114.34');
INSERT INTO `sale_cost` VALUES ('2021', '12', '', '314876878.37');
INSERT INTO `sale_cost` VALUES ('2021', '12', '', '353985013.59');
INSERT INTO `sale_cost` VALUES ('2021', '12', '', '405580773.25');
INSERT INTO `sale_cost` VALUES ('2021', '12', '', '325353850.75');
INSERT INTO `sale_cost` VALUES ('2021', '12', '', '316077841.81');

-- ----------------------------
-- Table structure for tar_relation
-- ----------------------------
DROP TABLE IF EXISTS `tar_relation`;
CREATE TABLE `tar_relation` (
  `target_code` varchar(30) NOT NULL,
  `subtarget_code` varchar(30) NOT NULL,
  KEY `target_code` (`target_code`),
  CONSTRAINT `tar_relation_ibfk_1` FOREIGN KEY (`target_code`) REFERENCES `target` (`target_code`) ON DELETE CASCADE ON UPDATE NO ACTION
) ENGINE=InnoDB DEFAULT CHARSET=utf8;

-- ----------------------------
-- Records of tar_relation
-- ----------------------------
INSERT INTO `tar_relation` VALUES ('0x12345678', '0xabcd1234');
INSERT INTO `tar_relation` VALUES ('0xabcdefgh', '0xabcd1234');
INSERT INTO `tar_relation` VALUES ('0xxxxxxxxx', '0xxxxxabcd');
INSERT INTO `tar_relation` VALUES ('0xxxxxxxxx', '0xxxxx1234');
INSERT INTO `tar_relation` VALUES ('0xxxxxxxxx', '0x0x0x0x0x');
INSERT INTO `tar_relation` VALUES ('0x12345678', '0xxxxx1234');
INSERT INTO `tar_relation` VALUES ('0xabcdefgh', '0xxxxxabcd');
INSERT INTO `tar_relation` VALUES ('0xxxxxabcd', '0011223344');
INSERT INTO `tar_relation` VALUES ('0xxxxx1234', '0044332211');
INSERT INTO `tar_relation` VALUES ('0044332211', '0xxxxx1234');
INSERT INTO `tar_relation` VALUES ('0x0x0x0x0x', '0xxxxxxxxx');
INSERT INTO `tar_relation` VALUES ('0x0x0x0x0x', '0000000000');
INSERT INTO `tar_relation` VALUES ('0000000000', '0xxxxxxxxx');

-- ----------------------------
-- Table structure for target
-- ----------------------------
DROP TABLE IF EXISTS `target`;
CREATE TABLE `target` (
  `target_code` varchar(30) NOT NULL,
  `target_name` varchar(30) NOT NULL,
  `content` varchar(255) DEFAULT NULL,
  PRIMARY KEY (`target_code`)
) ENGINE=InnoDB DEFAULT CHARSET=utf8;

-- ----------------------------
-- Records of target
-- ----------------------------
INSERT INTO `target` VALUES ('0000000000', '', '');
INSERT INTO `target` VALUES ('0011223344', '', '');
INSERT INTO `target` VALUES ('0044332211', '', '');
INSERT INTO `target` VALUES ('0x0x0x0x0x', '', '');
INSERT INTO `target` VALUES ('0x12345678', '', '');
INSERT INTO `target` VALUES ('0xabcd1234', '', '=/');
INSERT INTO `target` VALUES ('0xabcdefgh', '', '');
INSERT INTO `target` VALUES ('0xxxxx1234', '', '=/');
INSERT INTO `target` VALUES ('0xxxxxabcd', '', '=/');
INSERT INTO `target` VALUES ('0xxxxxxxxx', '', '');

-- ----------------------------
-- Table structure for total
-- ----------------------------
DROP TABLE IF EXISTS `total`;
CREATE TABLE `total` (
  `year` int(11) NOT NULL,
  `month` int(11) NOT NULL,
  `yield` int(11) DEFAULT NULL,
  `stock` int(11) DEFAULT NULL,
  `debt` double DEFAULT NULL,
  `owner_interest` double DEFAULT NULL,
  `float_asset` double DEFAULT NULL,
  `float_debt` double DEFAULT NULL,
  `main_income` double DEFAULT NULL,
  `main_cost` double DEFAULT NULL,
  `tax` double DEFAULT NULL,
  `other_income` double DEFAULT NULL,
  `other_cost` double DEFAULT NULL,
  `fix_asset` double DEFAULT NULL,
  `tech_fee` double DEFAULT NULL,
  `intangible_asset` double DEFAULT NULL,
  `dev_fee` double DEFAULT NULL,
  `salary` double DEFAULT NULL,
  `interest_in` double DEFAULT NULL,
  `interest_out` double DEFAULT NULL,
  `exchange_change` double DEFAULT NULL,
  `asset_devalue` double DEFAULT NULL,
  `fair_value` double DEFAULT NULL,
  `invest` double DEFAULT NULL,
  PRIMARY KEY (`year`,`month`),
  KEY `year` (`year`),
  KEY `month` (`month`)
) ENGINE=InnoDB DEFAULT CHARSET=utf8;

-- ----------------------------
-- Records of total
-- ----------------------------
INSERT INTO `total` VALUES ('2016', '1', '231216', '152484', '151446382222.76', '317967799851.23', '400777290863.37', '20084659560.95', '14176584969.67', '15097605003.32', '14191919012.78', '13636899872.25', '15295571766.9', '15628921364.1', '14775128193.53', '15707678382.22', '14513354718.52', '12995078291.65', '15862339279.59', '13224044215.1', '7393513031.07', '14169047047.79', '15512540327.89', '14173608767.01');
INSERT INTO `total` VALUES ('2016', '2', '213729', '143148', '141541929222.4', '315367442607.62', '400951176081.55', '14017975472.87', '15299182821.14', '14183092065', '15910975632.85', '15137275522.42', '13693343017.91', '14727969253.78', '15941459984.36', '16596589377.82', '14258331261.79', '15273816590.44', '14802403524.89', '13864445023.1', '892807014.31', '15601397982.54', '13969608550.8', '14863702216.01');
INSERT INTO `total` VALUES ('2016', '3', '228521', '152126', '152496169204.3', '314379878008.91', '399153576088.58', '20512807871.68', '14705961559.9', '15857598520.76', '16003153781.9', '14367894609.72', '15020369178.89', '16792262065.15', '16491893175.58', '15496383509.4', '15950088083.01', '16016764111.45', '15040670378.51', '14322777467.25', '4192681043.81', '14796716430.83', '14728118442.42', '14564896944.26');
INSERT INTO `total` VALUES ('2016', '4', '221200', '150099', '149464952004.15', '318638508918.32', '400721191404.44', '16776818147.44', '15242247906.96', '13674381871.52', '14742306080.06', '15210801378.25', '14554229311.33', '14306737327.77', '15470723737.86', '14781782339.67', '14836108162.67', '15428656432.31', '15567343665.36', '15251759701.67', '601533921.25', '14260831663.87', '15514175670.32', '14273269214.57');
INSERT INTO `total` VALUES ('2016', '5', '239859', '153392', '155778145935.04', '316016498947.25', '401330885524.69', '16377720315.39', '13128169473.03', '15237365579.38', '15309524095.88', '13716493653.44', '15223270319.13', '16316608083.02', '14886079549.96', '14362538296.38', '15493044534.13', '13634878375.55', '13814263201.1', '13273705204.69', '-1402222587.13', '14907159119.32', '12643134227.95', '13738269782.03');
INSERT INTO `total` VALUES ('2016', '6', '224977', '147858', '151381907600.67', '323598429746.73', '401343346441.05', '15518158283.75', '13650252336.43', '14326271489.49', '14484373310.4', '15094585410.03', '16361213642.57', '15194101225.21', '14069962664.54', '13708286920.17', '13609677979.18', '16077608048.95', '13097892878.33', '15572476481.61', '8323033761.48', '15529612212.49', '15673117652.44', '14207118584.49');
INSERT INTO `total` VALUES ('2016', '7', '231609', '152442', '154830564411.4', '316914104956.69', '401414417910.36', '16867286850.78', '13929127199.96', '15255719659.44', '13887887194.07', '13728280625.35', '13903349629.52', '14610277212.33', '13301325720.06', '16006785006.06', '14757516044.96', '15763040511.15', '15245424573.42', '14330548328.31', '4628925054.46', '14142485900.66', '15325260617', '13173495852.3');
INSERT INTO `total` VALUES ('2016', '8', '227734', '155560', '149134633883.21', '319148236734.3', '401753485469.35', '17640404098.3', '14399316327.78', '14024814426.6', '15087830939.72', '15578231809.32', '14630925432.94', '15851716428.11', '12472684392.48', '14507473247.04', '14429411519.97', '13443267740.05', '15615421673.54', '14554174368.2', '1109700879.61', '14599980989.53', '15357514492.11', '15356343919.07');
INSERT INTO `total` VALUES ('2016', '9', '221186', '148231', '149272882291.69', '319569738962.36', '401249827268.08', '17660113359.57', '15674268301.93', '13195981323.21', '16190893494.08', '15283392844.75', '15282965628.32', '13720598895.01', '15241163679.89', '14505115637.87', '12984714540.78', '14363339624.43', '14922434462.47', '15484345333.79', '1389440393.51', '14484480144.93', '14330817543.87', '13949629142.95');
INSERT INTO `total` VALUES ('2016', '10', '235942', '153867', '154133981073.54', '316549939692.71', '400955564505.36', '13835747338.25', '16005534121.83', '15535736026.02', '12608027124.93', '14196033988.5', '14355826169.87', '13432824136.22', '15442168674.08', '15059951625.52', '13940692369.16', '14116764573.51', '13736222040.04', '16531707081.48', '5610813942.31', '14526277565.08', '14902652417.52', '14429371888.07');
INSERT INTO `total` VALUES ('2016', '11', '221492', '147586', '148716162166.29', '323798090330.16', '401733250587.68', '20022943444.4', '16346646461.47', '15144517183.65', '15275399987.31', '15123427477.21', '15732435395.68', '13951102671.93', '15495256614.26', '15046478489.98', '13201790531.11', '15295974369.1', '15157574594.81', '15443429380.55', '843882372.23', '14437716604.14', '14298561510.82', '14980557015.6');
INSERT INTO `total` VALUES ('2016', '12', '227410', '154957', '152617813607.32', '321992963730.61', '400456983489.06', '22097721117.88', '14324711515.42', '14532971740.46', '14396869418.97', '13938406817.75', '16314990180.04', '15068153964', '15314619942.36', '15440791755.23', '14919701306.79', '15780478985.16', '14256231373.14', '14684228018.11', '-3810306542.21', '15235678781.13', '14489243258.39', '15574618514.61');
INSERT INTO `total` VALUES ('2017', '1', '230025', '153550', '151121890853.33', '318755637027.17', '400567094148.35', '16823729034.82', '14185120651.96', '15017451218.89', '15913899168.99', '16064143417.86', '14617044664.18', '14280297612.46', '14260127144.15', '14389483212.38', '15571523247.57', '15049812722.94', '16287407328.68', '16085477922.85', '-1802146801.43', '15240898605.57', '12677607455.77', '15269737407.47');
INSERT INTO `total` VALUES ('2017', '2', '206144', '140458', '138570595683.81', '321040395116.6', '400935690536.61', '13720617356.45', '15202436551.42', '15809697739.64', '15045100586.93', '15052589399.13', '14897141422.55', '13885415974.82', '16094411232.22', '14127604078.8', '15521065173.41', '14756024459.42', '15333840622.4', '15678075965.16', '-2405417387.68', '15326882523.58', '14457640586.82', '15542149237.64');
INSERT INTO `total` VALUES ('2017', '3', '234370', '153079', '151994231321.45', '324118083351.36', '401736639021.49', '17237670381.3', '15520612514.8', '15296583698.73', '13016614355.79', '14675049751.98', '14334347933.13', '13989784379.31', '14093891672.23', '15001202853.79', '15119685745.74', '14457021696.7', '14643029664.43', '15839448572.75', '-5037098527.63', '15335289814.78', '14636213584.23', '14894566599.23');
INSERT INTO `total` VALUES ('2017', '4', '224266', '146352', '150949204268.43', '318391254000.85', '401945237902.7', '19662938446.46', '14037879357.51', '16187527260.65', '13900507097.22', '15001764738.64', '14574247029.73', '16359445840.45', '14712102797.73', '13124648512.34', '15929463142.11', '14089412437.88', '15257517008.2', '15222322399.08', '5774042187.31', '15017543919.24', '15129660350.19', '15762994997.31');
INSERT INTO `total` VALUES ('2017', '5', '232836', '154108', '153680694921.36', '319676843041.75', '401451190427.97', '12580040215.13', '14908001285.2', '14583746329.3', '16922718468.84', '15703477833.21', '14106655784.46', '15830658853.31', '14222491850.48', '15413062997.58', '16600921752.21', '16125097054.77', '14181625877.21', '13473540472.33', '-7354293965.77', '15749053046.33', '15204061144.52', '15039726745.78');
INSERT INTO `total` VALUES ('2017', '6', '221037', '148093', '149472432565.02', '311280079175.48', '400393058537.63', '23383347870.82', '15879677793.6', '14187907366.7', '15598421716.21', '15139340368.96', '14448690461.59', '13559758456.38', '14329399781.22', '14288425089.23', '14517261828.54', '14182837952.39', '14375523154.6', '15957922526.37', '5418043629.15', '14821411470.72', '14524016684.5', '14768740933.92');
INSERT INTO `total` VALUES ('2017', '7', '233286', '152168', '153621365440.42', '316812467444.98', '400292872804.16', '22958764880.83', '14679138713.86', '15453941258.53', '14627849987.98', '15152957382.14', '13774189956.49', '15200480209.5', '14357408850.15', '14627489954.73', '14314911098.84', '15684940259.68', '13663710777.54', '14864943361.19', '-9583937812.67', '14011082855.77', '15430038124.06', '16252593753.63');
INSERT INTO `total` VALUES ('2017', '8', '227441', '153920', '154366329453.38', '317924005813.79', '401624836164.58', '24997239206.2', '16744162377.84', '15394108512.01', '14145850679.72', '15197368159.44', '16054748422.06', '13896340707.04', '16057352207.63', '15206377890.43', '14753277766.92', '15623184289.29', '15055026756.48', '13790748644.28', '2787676080.87', '14452609058.58', '15245246449.26', '14314217930.36');
INSERT INTO `total` VALUES ('2017', '9', '225462', '149111', '148233319062.72', '312124503875.06', '401295216439.69', '19225258931.46', '13759531638.61', '15465126398.57', '15077990107.11', '14780327588.77', '16632919610.87', '14385293563.08', '14212624698.65', '14976963198.86', '16073285894.43', '14195688240.37', '15146065282.42', '14626926478.38', '3890394320.19', '15893172538.56', '13923885996.39', '15512823678.22');
INSERT INTO `total` VALUES ('2017', '10', '230770', '153272', '154351007287.14', '316491294846.18', '401439678572.91', '14963014263.36', '14405090403.06', '15283817671.82', '15028329965.97', '14358911001.2', '15374000223.06', '14899151557.64', '15417931980.44', '14745823749.24', '15200293646.76', '14286314455.09', '14492483992.14', '14760091861.67', '-1376667742.46', '15646459717.34', '16244907632.01', '15043182010.64');
INSERT INTO `total` VALUES ('2017', '11', '222029', '150786', '149190204884.8', '320232581423.05', '400017089248.44', '13929730072.96', '14329140167.64', '16330261667.73', '14324117124.24', '14972451126.29', '15841633198.04', '13920724026.23', '15019147684.11', '14367929944.62', '12655872650.12', '14889122287.56', '15329755721.16', '14210661771.26', '1315707052.83', '15960764030.76', '14063006304.09', '14210588419.5');
INSERT INTO `total` VALUES ('2017', '12', '230801', '151189', '150858202881.12', '320056226607.26', '401017281809.09', '19062331744.06', '13046759108.98', '14778701097.85', '15467830835.8', '14871606754.27', '15197850412.61', '14095063427.74', '16189354127.73', '16641082714.91', '14381542006.26', '14650134959.02', '13380109286.14', '15298939730.48', '5097105777.37', '14335002017.15', '16217890241.46', '14021635106.41');
INSERT INTO `total` VALUES ('2018', '1', '234482', '154511', '153598328760.32', '317258669948.68', '401423457828.32', '14455901342.6', '15286085209.03', '15102424755.9', '13972700586.27', '16129478821.74', '15062603075.54', '15475897195.23', '13858219523.86', '14525936997.39', '14265220320.62', '15107987163.83', '14179217528.02', '15539193263.58', '-3675691319.01', '14325943267.32', '13316415390.67', '14619808882.02');
INSERT INTO `total` VALUES ('2018', '2', '207431', '136855', '139183679161.55', '320783629999.74', '401068501115.25', '17522719049', '13738383523.08', '14388418853.19', '14975422118.51', '14293304617.76', '13533574414.69', '14443778389.5', '14460042332.53', '15373728142.13', '15557642831.96', '13839120985.37', '16417918118.32', '14827942703.54', '-3737614885.14', '15521025473.45', '16151513445.38', '16149285385.11');
INSERT INTO `total` VALUES ('2018', '3', '228706', '153016', '155698897253.47', '318104439883.59', '400236956995.26', '21047236901.47', '16752428203.96', '15488461940.45', '14516966685.82', '13949468497.18', '13697018383.79', '14270622630.06', '15141488345.55', '14382507285.78', '15717699758.94', '15852110968.22', '14736234127.2', '17233836150.56', '-1919555532.93', '15880618943.17', '15281386057.6', '13636644098.83');
INSERT INTO `total` VALUES ('2018', '4', '222700', '149930', '147555640267.93', '327058693071.43', '400701467431.05', '22796053323.08', '13257990157.92', '14776909848.57', '14874053572.6', '15441409714.54', '14686830629.86', '15399147628.02', '14284171685.04', '14797585721.51', '14946711840.34', '15282704738.81', '16104867745.59', '15108584343.06', '663636654.01', '16955715053.49', '15536075709.05', '14879667271.97');
INSERT INTO `total` VALUES ('2018', '5', '232974', '153849', '155068428571.42', '311084228448.27', '400599240783.04', '17978997769.32', '14335197623.67', '13340423389.4', '14183084468.91', '14797323430.8', '15273692904.43', '14950100400.65', '15299514344.15', '13457928492.35', '14054447635.33', '14217499709.93', '16489399113.93', '14708175219.5', '5929935168.28', '17199451994.67', '13725699104.17', '14449405248.46');
INSERT INTO `total` VALUES ('2018', '6', '223063', '144541', '148353386705.65', '320526829249.5', '399644478903.7', '20405015491.92', '14508635696.31', '15503899993.86', '15428972692.43', '14817752305.28', '15014155296.15', '15165157792.86', '14572036069.13', '15119193253.74', '15213898267.13', '15572152094.59', '14102188161.96', '14595219695.04', '5824349891.96', '13593937623.73', '14363471883.29', '15113321187.68');
INSERT INTO `total` VALUES ('2018', '7', '230149', '154290', '150468548659.83', '314723642226.91', '400183708124.21', '13507015659.31', '14114443495.75', '14645153095.96', '16545285194.37', '15796769510.69', '14643138533.5', '14988284705.22', '15744006342.93', '16003454892.24', '13336208649.36', '14281917486.15', '13508215579.37', '14741683114.56', '3680181491.99', '13505233203.21', '13354999102.52', '15552247940.77');
INSERT INTO `total` VALUES ('2018', '8', '227783', '150960', '153232664803.92', '323711280139.63', '401350367291.09', '20888891779.45', '15223819418.93', '14024426478.67', '13674447181.76', '14901710489.08', '14477208505.46', '15568721260.91', '15201000771.36', '16848544384.46', '16421221728.48', '15246707473.57', '15977456791.34', '16960423575.65', '7245318567.31', '15324617548.38', '13692097127.68', '14281037153.38');
INSERT INTO `total` VALUES ('2018', '9', '220002', '145956', '147706729580.68', '321938531809.92', '401808972560.65', '19303967832.32', '14987334846.01', '14938736521.36', '14073919501.61', '15550941497.04', '14666220269.4', '13999020412.62', '15995778523.98', '15697809225.87', '15646050846.18', '14654833370.35', '14575881950.37', '15450845204.74', '6352838372.26', '14405064784.94', '14744679186.9', '15194023412.05');
INSERT INTO `total` VALUES ('2018', '10', '226359', '152718', '151997124078.31', '315428758480.26', '399916999919.81', '15291083524.79', '13648293206.84', '14143735352', '16095806023.71', '13920802004.56', '15926814975.43', '13952297255.44', '14203407843.42', '15839950531.77', '14911703170.32', '14929471251.8', '13922160764.93', '14627326284.3', '-2778040368.89', '15128467499.66', '14775708041.69', '14422213056.25');
INSERT INTO `total` VALUES ('2018', '11', '223651', '149515', '146897233394.67', '318811327027.64', '400811304022.18', '17904549372.28', '14724205440', '14366823871.2', '15828384268.39', '16698987754.27', '14535865767.46', '15268154635.94', '14722359236.91', '15600462305', '14743488547.5', '16153572395.05', '15147539699.64', '14644023876.04', '721322641.6', '16056408765.37', '14336924353.06', '13459378547.97');
INSERT INTO `total` VALUES ('2018', '12', '232186', '150398', '154960532227.01', '323716977498.73', '400826929688.27', '18448348772.03', '14289180590.73', '14737584521.57', '14259680491.36', '15938975746.59', '14943215818.2', '16330230661.08', '15120837486.98', '15061310064.64', '14965200990.17', '14902704806.55', '16279875259.42', '14180033608.3', '1578402467.93', '15671689772.13', '13201829889.14', '14113737361.23');
INSERT INTO `total` VALUES ('2019', '1', '230601', '152725', '154767874746.95', '318970252099.01', '401147800828.87', '14050273143.22', '13601779418.18', '13174490133.4', '14957998196.08', '15114835988.59', '15216760190.01', '15191595173.87', '14810206556.41', '13935354784.43', '14185073283.34', '15411371002.34', '15326612258.74', '15691167706.5', '3860619187.18', '16200345176.54', '14583491322.48', '14529353053.67');
INSERT INTO `total` VALUES ('2019', '2', '208556', '140162', '140024800598.55', '319322125455.91', '400921383922.38', '18106037036.13', '14750490438.95', '14709601734.96', '14745377731.17', '13095930009.72', '13869707134.23', '13342844810.7', '15280796986.24', '13219415835.09', '15073897422.45', '14202765784.14', '15596064477.46', '13757191190.94', '5174982458.67', '14716901610.78', '13750898487.04', '14964941374.57');
INSERT INTO `total` VALUES ('2019', '3', '227894', '157967', '155287552953.21', '322797782220.05', '400526610610.52', '16258437843.69', '13475071104.2', '15512502667.94', '14121520738.34', '14896189503.99', '15674454145.73', '15172295154.64', '16627551434.76', '15856241244.2', '15675465938.66', '15760860857.94', '16368822557.88', '15150982877.57', '-3000161080.17', '13719457852.98', '14282835904.88', '14833793314.55');
INSERT INTO `total` VALUES ('2019', '4', '220321', '150551', '148966190998.02', '317337240732.73', '401845204911', '22933260338.17', '13998909548.96', '14033406144.3', '15251271826.3', '15437939467.48', '15709484091.16', '14490646586.23', '13516999551.97', '14677780865', '14185862129.19', '15770646337.85', '14130422514.35', '14127525720.12', '1737611510.25', '15027209278.62', '14894825675.51', '15840048727.19');
INSERT INTO `total` VALUES ('2019', '5', '223115', '153102', '153117426704.06', '318233570296.89', '401172660911.24', '26802332112.67', '13693666057.79', '13222803635.97', '15000397064.61', '15719969887.51', '14982883915.15', '14401449519.21', '15061350154.88', '14788242411.1', '15756670547.92', '15675568790.11', '15373473037.73', '14667992566.22', '698607160.96', '14139552943.02', '13452144153.83', '14994707466.77');
INSERT INTO `total` VALUES ('2019', '6', '219825', '148928', '148175224835.62', '316435428462.19', '401540795644.75', '15452343074.65', '14340619932.15', '14143432523.17', '15223274820.99', '15580377431.5', '15293040618.93', '15266627117.79', '14517873066.57', '15456558737.71', '13813233677.41', '15467726246.38', '13921417162.84', '15437131888.32', '6229199508.79', '14273580091.12', '14905321673.54', '14957809542.67');
INSERT INTO `total` VALUES ('2019', '7', '228109', '153829', '151462105947.18', '317425972708.73', '401352428672.24', '16442342999.47', '16208812474.15', '15035368624.08', '15601808456.65', '15042232456.63', '14195929520.46', '14790028454.23', '15553552850.62', '15141349907.14', '14748238533.59', '14790130945.96', '14128890889.74', '14334496316.71', '9077345987.69', '13696071095.65', '14365953033.37', '14988357467.22');
INSERT INTO `total` VALUES ('2019', '8', '227826', '151944', '153627971568.03', '315729284062.8', '400561439353.78', '20758667740.12', '15496881883.68', '14847279469.9', '15996955253.42', '16790812339.75', '15531668597.38', '14686497674.53', '14556813704.75', '15377909015.36', '14604136004.15', '14584465014.09', '14393942999.72', '13415443423.82', '2159529529.89', '12923524050.8', '14675475784.84', '13517393003.68');
INSERT INTO `total` VALUES ('2019', '9', '226894', '146947', '144444334453.63', '322392364558.73', '400612095487.78', '15104901789.35', '15046860567.1', '12736841160.23', '14272662218.94', '14923129105.24', '14110314667.9', '16717322175.13', '16389988230.78', '13477077925.35', '14557786005.25', '14968944909.39', '15043983129.87', '15277354050.43', '-4970865414.84', '13791328983.55', '15441820856.83', '14609405157.99');
INSERT INTO `total` VALUES ('2019', '10', '230682', '156886', '154769176129.67', '310758496276.23', '400741963224.04', '19156503172.93', '15036722795.06', '15662473524.81', '14581826955.49', '14307288650.21', '16028750440.17', '15407520791.93', '14942577026.37', '15337100902.87', '16019360850.72', '14927427577.14', '15151481656.04', '15017293326.34', '5098385176.14', '15918361892.61', '15405335522.35', '14234938594.49');
INSERT INTO `total` VALUES ('2019', '11', '223839', '148742', '149337386474.7', '319431537099.45', '399618724597.36', '22137972484.27', '15554905279.66', '13767013920.75', '15424502971.79', '14847944363.4', '15874404602.2', '14657003550.4', '13861372781.86', '14853695734.19', '16214613802.48', '15718018389.83', '15644853950.4', '12835508109.87', '-2483801656.57', '13796954404.15', '15750475241.63', '15505498510.25');
INSERT INTO `total` VALUES ('2019', '12', '227215', '151377', '153501601143.32', '315469878546.7', '401232315740.73', '19754313801.14', '13990562975.99', '15014696074.65', '15520652115.15', '16475305164.31', '15185820991.42', '14727874365.82', '14380100734.32', '14386790129.76', '13198473560.35', '14005095065.98', '14489558258.69', '15601659482', '336156636.04', '15416355571.37', '14919920376.02', '14691603176.97');
INSERT INTO `total` VALUES ('2020', '1', '232477', '151563', '153407782566.86', '322179223961.85', '401210925988.7', '16300353123.49', '15487456460.99', '15246653742.44', '14825154245.91', '15272983664.48', '13914437657.87', '16263044007.13', '15259096948.75', '17029951561.42', '15139356266.61', '16931206014.51', '15774614266.57', '14558807083.24', '6768050753.59', '14332320466.7', '14904685690.4', '15546414514.31');
INSERT INTO `total` VALUES ('2020', '2', '215621', '145459', '142297006755.09', '316494737022.25', '401401484900.84', '19730584098.86', '13922954806.22', '14485963801.93', '14714238802.82', '14145995943.64', '13657798701.11', '14364366850.47', '14306436461.01', '15483455171.02', '14589285412.45', '15613096875.35', '16002954863.41', '13451162914.47', '1772124057.78', '15132925161.17', '14935663625.91', '15176076982.49');
INSERT INTO `total` VALUES ('2020', '3', '230258', '154441', '153865618139.49', '311495121478.71', '402432352561.04', '16583733895.95', '14918933642.36', '15716182109.34', '15971187645.73', '14680880182.5', '15561095481.39', '13810590799.59', '15074773041.26', '14933739702.77', '14660497564.57', '15836528221.49', '15007443605.23', '13435236152.11', '-2488991372.88', '15404376056.94', '13864334498.11', '13781073323.26');
INSERT INTO `total` VALUES ('2020', '4', '221986', '147868', '149378869073', '312168261864.68', '401573646662.69', '18180893811.26', '14712399992.83', '16468182107.48', '14344911060.23', '15128740352.21', '14225054508.57', '14625456939.44', '15014255588.17', '15101151754.58', '14612838442.96', '16265404893.78', '14336797655.53', '16695029363.21', '1043379091.35', '15223930520.39', '14515623234.29', '14126782266.38');
INSERT INTO `total` VALUES ('2020', '5', '229248', '152707', '153850268486.92', '316304855265.32', '400700783606.27', '17644460668.85', '13379641460.43', '14421905793.34', '16299640500.53', '15200703991.11', '13797254770.99', '13392808546.78', '15806071882.39', '13612569256.16', '13298298704.56', '15717156300.55', '14931796272.77', '14679684995.31', '4042367720.7', '14988451060.49', '14857515140.08', '14925397791.96');
INSERT INTO `total` VALUES ('2020', '6', '220754', '147966', '149729240513.05', '314176668297.96', '401155761630.4', '16095400266.83', '16217758954.37', '15909749985.88', '14788487525.13', '14513811977.19', '13112315085.39', '14425561278.09', '14405223827.26', '14495864385.7', '16030196851.08', '13726449088.71', '14795643131.78', '15812387165.4', '-916480565.78', '13476788913.6', '15510321753.77', '13412633850.7');
INSERT INTO `total` VALUES ('2020', '7', '224991', '152207', '152816775774.78', '317825573571.19', '402083038235.43', '16404185362.92', '15658036257.25', '15714007049.5', '13532897738.63', '13741761073.94', '14702082280.04', '13064322811.85', '14725036885.77', '15734695156.73', '15304951147.38', '15488869381.24', '15004031264.85', '16052168775.46', '-4790820166.32', '14607345088.42', '14993045609.47', '15271273449.2');
INSERT INTO `total` VALUES ('2020', '8', '229853', '153633', '153490938152.39', '321029899853.22', '399163460979.36', '16464591972.75', '14382828347.55', '14618201346.92', '14097494738.66', '14882558616.41', '15000723311.03', '15766088027.98', '15354328627.66', '15585601266.08', '14551637799.13', '13988617094.93', '14283054691.9', '13918422306.52', '-762231357.96', '14329963529.24', '15343112037.3', '14957331458.2');
INSERT INTO `total` VALUES ('2020', '9', '227208', '149954', '150436477887.95', '322505990077.34', '400830628113.51', '18629472775.58', '16487219027.79', '15397187159.77', '17097829122.76', '15683320509.1', '14427459030.65', '16401722899.39', '16482768879.8', '14574095229.22', '15163602464.82', '14177841987.18', '15583512772.31', '16210754804.82', '3004469120.59', '15812089310.42', '14669625495.96', '15190348311.29');
INSERT INTO `total` VALUES ('2020', '10', '235458', '153772', '155273334991.81', '321585928519.74', '400008738998.4', '16265566437.87', '14195166154.76', '14870479002.27', '16039192760.87', '16280861142.9', '15426722388.2', '15211291436.66', '13699999269', '14366143989.35', '15110853475.22', '13529329804.82', '14882498041.97', '15192090078.88', '1412765164.53', '15108066220.1', '14336916204.8', '15764917335.55');
INSERT INTO `total` VALUES ('2020', '11', '218820', '144765', '146705952988.63', '325992520696.58', '400939321318.99', '17784667248.64', '14854394678.16', '15697972018.22', '14695473832.54', '14525827984.87', '14315141498.21', '15319245326.11', '14894687916.31', '13770654438.62', '15148347880.25', '15285967783.4', '13595765005.04', '15272497709.21', '1426105870.95', '14767229857.11', '15771636241.35', '15579218461.71');
INSERT INTO `total` VALUES ('2020', '12', '228283', '152614', '153104156166.93', '321387948680.53', '402911895337.31', '19705517389.69', '14828686886.14', '15200738115.46', '15227501967.2', '15896473126.62', '13251996510.79', '15088687288', '15754806713.64', '14276069646.95', '13725451037.71', '14256101202.89', '14031856168.75', '14545412105.62', '-5787204426.39', '16778460288.21', '16035732970.22', '14952250725.61');
INSERT INTO `total` VALUES ('2021', '1', '230446', '153524', '154552771571.94', '314868936144.3', '400667076290.38', '16827394413.53', '14730388960.24', '14327283427.69', '15653444035.83', '15067787305.62', '15087766394.1', '14567093389.17', '14572255374.76', '14306861772.4', '15961563562.38', '16706407354.7', '15373953386.5', '14539802111.62', '5588410654.43', '15293619927.53', '14581573989.97', '14816331496.28');
INSERT INTO `total` VALUES ('2021', '2', '204955', '137231', '138236999792.4', '318707002589.92', '400847520530.93', '16512066451', '13952593653.62', '13806413356.05', '15888000286.57', '12986859059.52', '13093240433.44', '15907103886.52', '13814360530.24', '15383963004.98', '13736672675.36', '15837552125.87', '15328848931.07', '14007875582.45', '4941645776.66', '14361368911.9', '13599696890.02', '14712319803.93');
INSERT INTO `total` VALUES ('2021', '3', '232997', '154841', '153845707070.35', '321465259605.63', '398685667209.59', '16871793353.83', '15205767283.09', '15760670927.73', '16051204420.35', '15116799281.71', '13774699008.56', '14553628912.75', '14504353353.1', '14677496182.43', '16110355152.09', '14418982703.83', '13599909980.92', '14807601734.41', '-7740869140.37', '12363960594.62', '12681281009.38', '12508978843.05');
INSERT INTO `total` VALUES ('2021', '4', '225370', '148048', '148767462730.56', '320152102996.14', '399430025088.71', '17498612070.76', '15076187285.72', '14606407572.3', '14837811308.45', '17398790339.48', '16413945640.51', '14838395316.06', '14418280613.72', '14798343154.82', '15919939844.11', '16505294053.32', '15378790900.51', '14515798211.14', '2313377678.14', '15122663625.14', '13877586199.66', '13924301078.8');
INSERT INTO `total` VALUES ('2021', '5', '232725', '155630', '151613686321.96', '318062230194.62', '400510183484.34', '20303384928.49', '13884454984.47', '15050768203.75', '13837453364.45', '16173980204.91', '14236638735.39', '14182540054.99', '14720423283.51', '14980148593.41', '14469474853.65', '15365518851.54', '14238784424.58', '13616220253.94', '-4086698774.96', '15022148792.35', '14844810600.04', '14719085102.02');
INSERT INTO `total` VALUES ('2021', '6', '220875', '147059', '149419386731.39', '320005538773.52', '400622683335.92', '20797088208.96', '13803379116.71', '13574930793.99', '15483294646.57', '14839277141.05', '13659221692.1', '13337589732.72', '14947120915.84', '13308546461.84', '15665643773.48', '15196319066.65', '15740612917.94', '14929560013.6', '2808457785.54', '14743092817.82', '15509195060.12', '15849882984.37');
INSERT INTO `total` VALUES ('2021', '7', '229049', '152229', '153290644328.8', '317284274532.68', '399684891195.69', '9651225548.04', '14655310442.42', '13688739814.85', '15698251093.15', '14280046033.32', '13360005402.53', '15733388307.03', '13663835353.29', '15721280904.2', '16848168020.17', '14718895515.04', '12930616507.28', '13606791472.11', '-3712848567.18', '13111877189.6', '14827074647.43', '13942753761.03');
INSERT INTO `total` VALUES ('2021', '8', '228175', '150761', '154373053385.44', '320416325639.85', '400865113474.47', '21608343051.08', '15916309298.37', '15063557030.11', '15115061435.55', '16309448250.47', '14908619261.88', '16286352710.6', '14306869797.25', '16294411681.05', '15706994717.94', '15685249266.85', '14138436464.36', '16001912377.31', '2688731162.23', '15170074849.12', '14776572593.71', '15566982593.45');
INSERT INTO `total` VALUES ('2021', '9', '222480', '146050', '147624515113.37', '310630438019.31', '399966945443.72', '18197435831.14', '14207597550.64', '14316939662.51', '15244995633.47', '15394944343.31', '14625915821.51', '14586998697.56', '15096835877.9', '14616764388.63', '15266339997.95', '14074624905.23', '14841969109.34', '15763819251.16', '-3487246000.72', '14385562868.11', '15824919292.56', '16204116949.08');
INSERT INTO `total` VALUES ('2021', '10', '231355', '152846', '152371821428.61', '313642092398.93', '401287528514.06', '18942364910.57', '15088442773.03', '15414312929.8', '14285808188.09', '13173678092.13', '14102300704.91', '16373363604.21', '12911482391.7', '13832900996.47', '14750196634.28', '15159687611.58', '13389421097.75', '14305959751.73', '2011759786.2', '15635089100.82', '15293740855.26', '15940413265.59');
INSERT INTO `total` VALUES ('2021', '11', '224190', '150803', '149635532805.2', '324317479099.94', '401315667572.53', '22030261240.66', '14761084104.1', '14102017864.8', '12895323072.11', '15771326543.19', '15789558628.77', '16210780535.76', '14408288823.52', '13281248654.75', '14285577795.39', '16112057561.43', '15304747326.82', '13699330026.31', '-11027365620.92', '13586497500.59', '15601819306.82', '15941299152.17');
INSERT INTO `total` VALUES ('2021', '12', '229010', '152053', '154221753994.07', '317688454189.22', '399746460008.85', '17023262386.5', '15148917198.23', '14289063483.29', '15722443828.02', '14974924492.52', '14535763689.83', '14569698180.84', '14732230943.98', '16248415822.73', '14921023989.86', '15082883076.57', '14453402066.76', '15092407838.65', '-7552324900.89', '14322275937.19', '14769761081.64', '14432648327.07');
